image_id,duplicate_of
training/002.Laysan_Albatross/Laysan_Albatross_0096_673,training/002.Laysan_Albatross/Laysan_Albatross_0065_809
training/013.Bobolink/Bobolink_0092_10026,validation/013.Bobolink/Bobolink_0114_10627
training/026.Bronzed_Cowbird/Bronzed_Cowbird_0074_24045,validation/026.Bronzed_Cowbird/Bronzed_Cowbird_0025_796213
training/031.Black_billed_Cuckoo/Black_Billed_Cuckoo_0075_795298,validation/031.Black_billed_Cuckoo/Black_Billed_Cuckoo_0076_26177
training/037.Acadian_Flycatcher/Acadian_Flycatcher_0068_795590,validation/037.Acadian_Flycatcher/Acadian_Flycatcher_0051_29077
training/050.Eared_Grebe/Eared_Grebe_0067_34416,training/050.Eared_Grebe/Eared_Grebe_0027_34341
training/053.Western_Grebe/Western_Grebe_0004_36130,validation/053.Western_Grebe/Western_Grebe_0013_36383
training/055.Evening_Grosbeak/Evening_Grosbeak_0057_37392,validation/055.Evening_Grosbeak/Evening_Grosbeak_0004_37960
training/058.Pigeon_Guillemot/Pigeon_Guillemot_0081_40339,training/058.Pigeon_Guillemot/Pigeon_Guillemot_0018_40195
training/065.Slaty_backed_Gull/Slaty_Backed_Gull_0045_796025,validation/065.Slaty_backed_Gull/Slaty_Backed_Gull_0036_796053
training/065.Slaty_backed_Gull/Slaty_Backed_Gull_0046_796035,training/065.Slaty_backed_Gull/Slaty_Backed_Gull_0025_796047
training/070.Green_Violetear/Green_Violetear_0030_795736,validation/070.Green_Violetear/Green_Violetear_0029_60808
training/070.Green_Violetear/Green_Violetear_0036_795635,validation/070.Green_Violetear/Green_Violetear_0029_60808
training/070.Green_Violetear/Green_Violetear_0060_795657,training/070.Green_Violetear/Green_Violetear_0027_60841
training/070.Green_Violetear/Green_Violetear_0082_795706,validation/070.Green_Violetear/Green_Violetear_0008_795703
training/070.Green_Violetear/Green_Violetear_0086_795639,training/070.Green_Violetear/Green_Violetear_0027_60841
training/080.Green_Kingfisher/Green_Kingfisher_0091_71248,validation/080.Green_Kingfisher/Green_Kingfisher_0093_71185
training/090.Red_breasted_Merganser/Red_Breasted_Merganser_0046_79330,validation/090.Red_breasted_Merganser/Red_Breasted_Merganser_0079_79519
training/090.Red_breasted_Merganser/Red_Breasted_Merganser_0081_79396,validation/090.Red_breasted_Merganser/Red_Breasted_Merganser_0024_79483
training/090.Red_breasted_Merganser/Red_Breasted_Merganser_0085_79285,validation/090.Red_breasted_Merganser/Red_Breasted_Merganser_0079_79519
training/096.Hooded_Oriole/Hooded_Oriole_0076_90895,validation/096.Hooded_Oriole/Hooded_Oriole_0077_90886
training/102.Western_Wood_Pewee/Western_Wood_Pewee_0021_98101,training/102.Western_Wood_Pewee/Western_Wood_Pewee_0007_97985
training/104.American_Pipit/American_Pipit_0081_99785,validation/104.American_Pipit/American_Pipit_0101_100053
training/105.Whip_poor_Will/Whip_Poor_Will_0046_796440,validation/105.Whip_poor_Will/Whip_Poor_Will_0045_796422
training/113.Baird_Sparrow/Baird_Sparrow_0021_794576,training/113.Baird_Sparrow/Baird_Sparrow_0016_794556
training/115.Brewer_Sparrow/Brewer_Sparrow_0053_796694,validation/115.Brewer_Sparrow/Brewer_Sparrow_0010_796716
training/123.Henslow_Sparrow/Henslow_Sparrow_0052_796599,validation/123.Henslow_Sparrow/Henslow_Sparrow_0084_796587
training/124.Le_Conte_Sparrow/Le_Conte_Sparrow_0045_795162,validation/124.Le_Conte_Sparrow/Le_Conte_Sparrow_0083_795163
training/124.Le_Conte_Sparrow/Le_Conte_Sparrow_0070_795135,validation/124.Le_Conte_Sparrow/Le_Conte_Sparrow_0083_795163
training/128.Seaside_Sparrow/Seaside_Sparrow_0041_796529,validation/128.Seaside_Sparrow/Seaside_Sparrow_0052_796498
training/141.Artic_Tern/Artic_Tern_0073_143486,validation/141.Artic_Tern/Artic_Tern_0129_141395
training/145.Elegant_Tern/Elegant_Tern_0047_150626,validation/145.Elegant_Tern/Elegant_Tern_0107_150960
training/151.Black_capped_Vireo/Black_Capped_Vireo_0041_797452,validation/151.Black_capped_Vireo/Black_Capped_Vireo_0023_797486
training/157.Yellow_throated_Vireo/Yellow_Throated_Vireo_0075_795004,training/157.Yellow_throated_Vireo/Yellow_Throated_Vireo_0066_795007
training/163.Cape_May_Warbler/Cape_May_Warbler_0001_139008,validation/163.Cape_May_Warbler/Cape_May_Warbler_0044_163055
training/164.Cerulean_Warbler/Cerulean_Warbler_0077_797202,validation/164.Cerulean_Warbler/Cerulean_Warbler_0019_797186
training/166.Golden_winged_Warbler/Golden_Winged_Warbler_0078_794827,validation/166.Golden_winged_Warbler/Golden_Winged_Warbler_0065_794842
training/175.Pine_Warbler/Pine_Warbler_0118_171152,training/175.Pine_Warbler/Pine_Warbler_0102_171147
training/177.Prothonotary_Warbler/Prothonotary_Warbler_0020_174122,validation/177.Prothonotary_Warbler/Prothonotary_Warbler_0105_174097
training/178.Swainson_Warbler/Swainson_Warbler_0049_794880,training/178.Swainson_Warbler/Swainson_Warbler_0022_794868
training/180.Wilson_Warbler/Wilson_Warbler_0054_175285,training/180.Wilson_Warbler/Wilson_Warbler_0047_175304
training/197.Marsh_Wren/Marsh_Wren_0141_188796,validation/197.Marsh_Wren/Marsh_Wren_0108_188788
