image_id,label,class_name
training/001.Black_footed_Albatross/Black_Footed_Albatross_0007_796138,0,001.Black_footed_Albatross
training/001.Black_footed_Albatross/Black_Footed_Albatross_0039_796132,0,001.Black_footed_Albatross
training/001.Black_footed_Albatross/Black_Footed_Albatross_0056_796078,0,001.Black_footed_Albatross
training/001.Black_footed_Albatross/Black_Footed_Albatross_0057_796106,0,001.Black_footed_Albatross
training/001.Black_footed_Albatross/Black_Footed_Albatross_0069_796139,0,001.Black_footed_Albatross
training/002.Laysan_Albatross/Laysan_Albatross_0029_482,1,002.Laysan_Albatross
training/002.Laysan_Albatross/Laysan_Albatross_0051_1020,1,002.Laysan_Albatross
training/002.Laysan_Albatross/Laysan_Albatross_0056_500,1,002.Laysan_Albatross
training/002.Laysan_Albatross/Laysan_Albatross_0073_927,1,002.Laysan_Albatross
training/002.Laysan_Albatross/Laysan_Albatross_0092_834,1,002.Laysan_Albatross
training/003.Sooty_Albatross/Sooty_Albatross_0017_796349,2,003.Sooty_Albatross
training/003.Sooty_Albatross/Sooty_Albatross_0045_1162,2,003.Sooty_Albatross
training/003.Sooty_Albatross/Sooty_Albatross_0068_796353,2,003.Sooty_Albatross
training/003.Sooty_Albatross/Sooty_Albatross_0072_796371,2,003.Sooty_Albatross
training/003.Sooty_Albatross/Sooty_Albatross_0075_796352,2,003.Sooty_Albatross
training/004.Groove_billed_Ani/Groove_Billed_Ani_0015_1653,3,004.Groove_billed_Ani
training/004.Groove_billed_Ani/Groove_Billed_Ani_0033_1494,3,004.Groove_billed_Ani
training/004.Groove_billed_Ani/Groove_Billed_Ani_0065_1502,3,004.Groove_billed_Ani
training/004.Groove_billed_Ani/Groove_Billed_Ani_0071_1559,3,004.Groove_billed_Ani
training/004.Groove_billed_Ani/Groove_Billed_Ani_0076_1661,3,004.Groove_billed_Ani
training/005.Crested_Auklet/Crested_Auklet_0005_794922,4,005.Crested_Auklet
training/005.Crested_Auklet/Crested_Auklet_0010_794907,4,005.Crested_Auklet
training/005.Crested_Auklet/Crested_Auklet_0032_794931,4,005.Crested_Auklet
training/005.Crested_Auklet/Crested_Auklet_0040_794912,4,005.Crested_Auklet
training/005.Crested_Auklet/Crested_Auklet_0076_785252,4,005.Crested_Auklet
training/006.Least_Auklet/Least_Auklet_0007_795123,5,006.Least_Auklet
training/006.Least_Auklet/Least_Auklet_0027_795091,5,006.Least_Auklet
training/006.Least_Auklet/Least_Auklet_0030_795116,5,006.Least_Auklet
training/006.Least_Auklet/Least_Auklet_0052_795088,5,006.Least_Auklet
training/006.Least_Auklet/Least_Auklet_0063_795134,5,006.Least_Auklet
training/007.Parakeet_Auklet/Parakeet_Auklet_0001_795972,6,007.Parakeet_Auklet
training/007.Parakeet_Auklet/Parakeet_Auklet_0043_795948,6,007.Parakeet_Auklet
training/007.Parakeet_Auklet/Parakeet_Auklet_0048_795980,6,007.Parakeet_Auklet
training/007.Parakeet_Auklet/Parakeet_Auklet_0056_795926,6,007.Parakeet_Auklet
training/007.Parakeet_Auklet/Parakeet_Auklet_0078_2004,6,007.Parakeet_Auklet
training/008.Rhinoceros_Auklet/Rhinoceros_Auklet_0008_797531,7,008.Rhinoceros_Auklet
training/008.Rhinoceros_Auklet/Rhinoceros_Auklet_0009_797539,7,008.Rhinoceros_Auklet
training/008.Rhinoceros_Auklet/Rhinoceros_Auklet_0030_797509,7,008.Rhinoceros_Auklet
training/008.Rhinoceros_Auklet/Rhinoceros_Auklet_0031_797518,7,008.Rhinoceros_Auklet
training/008.Rhinoceros_Auklet/Rhinoceros_Auklet_0049_797543,7,008.Rhinoceros_Auklet
training/009.Brewer_Blackbird/Brewer_Blackbird_0014_2679,8,009.Brewer_Blackbird
training/009.Brewer_Blackbird/Brewer_Blackbird_0030_2268,8,009.Brewer_Blackbird
training/009.Brewer_Blackbird/Brewer_Blackbird_0078_2659,8,009.Brewer_Blackbird
training/009.Brewer_Blackbird/Brewer_Blackbird_0095_2610,8,009.Brewer_Blackbird
training/009.Brewer_Blackbird/Brewer_Blackbird_0131_2289,8,009.Brewer_Blackbird
training/010.Red_winged_Blackbird/Red_Winged_Blackbird_0028_4709,9,010.Red_winged_Blackbird
training/010.Red_winged_Blackbird/Red_Winged_Blackbird_0040_4522,9,010.Red_winged_Blackbird
training/010.Red_winged_Blackbird/Red_Winged_Blackbird_0059_4612,9,010.Red_winged_Blackbird
training/010.Red_winged_Blackbird/Red_Winged_Blackbird_0061_4196,9,010.Red_winged_Blackbird
training/010.Red_winged_Blackbird/Red_Winged_Blackbird_0066_5070,9,010.Red_winged_Blackbird
training/011.Rusty_Blackbird/Rusty_Blackbird_0006_6633,10,011.Rusty_Blackbird
training/011.Rusty_Blackbird/Rusty_Blackbird_0048_6632,10,011.Rusty_Blackbird
training/011.Rusty_Blackbird/Rusty_Blackbird_0086_6658,10,011.Rusty_Blackbird
training/011.Rusty_Blackbird/Rusty_Blackbird_0087_6727,10,011.Rusty_Blackbird
training/011.Rusty_Blackbird/Rusty_Blackbird_0122_6736,10,011.Rusty_Blackbird
training/012.Yellow_headed_Blackbird/Yellow_Headed_Blackbird_0025_8262,11,012.Yellow_headed_Blackbird
training/012.Yellow_headed_Blackbird/Yellow_Headed_Blackbird_0041_8264,11,012.Yellow_headed_Blackbird
training/012.Yellow_headed_Blackbird/Yellow_Headed_Blackbird_0051_8387,11,012.Yellow_headed_Blackbird
training/012.Yellow_headed_Blackbird/Yellow_Headed_Blackbird_0077_8332,11,012.Yellow_headed_Blackbird
training/012.Yellow_headed_Blackbird/Yellow_Headed_Blackbird_0084_8435,11,012.Yellow_headed_Blackbird
training/013.Bobolink/Bobolink_0052_9423,12,013.Bobolink
training/013.Bobolink/Bobolink_0104_10273,12,013.Bobolink
training/013.Bobolink/Bobolink_0119_10430,12,013.Bobolink
training/013.Bobolink/Bobolink_0124_10182,12,013.Bobolink
training/013.Bobolink/Bobolink_0131_9578,12,013.Bobolink
training/014.Indigo_Bunting/Indigo_Bunting_0006_14317,13,014.Indigo_Bunting
training/014.Indigo_Bunting/Indigo_Bunting_0044_14389,13,014.Indigo_Bunting
training/014.Indigo_Bunting/Indigo_Bunting_0049_13641,13,014.Indigo_Bunting
training/014.Indigo_Bunting/Indigo_Bunting_0080_13416,13,014.Indigo_Bunting
training/014.Indigo_Bunting/Indigo_Bunting_0084_11848,13,014.Indigo_Bunting
training/015.Lazuli_Bunting/Lazuli_Bunting_0014_14824,14,015.Lazuli_Bunting
training/015.Lazuli_Bunting/Lazuli_Bunting_0015_14690,14,015.Lazuli_Bunting
training/015.Lazuli_Bunting/Lazuli_Bunting_0041_15152,14,015.Lazuli_Bunting
training/015.Lazuli_Bunting/Lazuli_Bunting_0082_15047,14,015.Lazuli_Bunting
training/015.Lazuli_Bunting/Lazuli_Bunting_0102_14605,14,015.Lazuli_Bunting
training/016.Painted_Bunting/Painted_Bunting_0006_15249,15,016.Painted_Bunting
training/016.Painted_Bunting/Painted_Bunting_0034_15207,15,016.Painted_Bunting
training/016.Painted_Bunting/Painted_Bunting_0066_15241,15,016.Painted_Bunting
training/016.Painted_Bunting/Painted_Bunting_0076_16765,15,016.Painted_Bunting
training/016.Painted_Bunting/Painted_Bunting_0087_15232,15,016.Painted_Bunting
training/017.Cardinal/Cardinal_0012_18638,16,017.Cardinal
training/017.Cardinal/Cardinal_0037_18092,16,017.Cardinal
training/017.Cardinal/Cardinal_0052_18334,16,017.Cardinal
training/017.Cardinal/Cardinal_0060_17139,16,017.Cardinal
training/017.Cardinal/Cardinal_0094_17165,16,017.Cardinal
training/018.Spotted_Catbird/Spotted_Catbird_0001_796797,17,018.Spotted_Catbird
training/018.Spotted_Catbird/Spotted_Catbird_0007_19424,17,018.Spotted_Catbird
training/018.Spotted_Catbird/Spotted_Catbird_0023_796793,17,018.Spotted_Catbird
training/018.Spotted_Catbird/Spotted_Catbird_0031_796806,17,018.Spotted_Catbird
training/018.Spotted_Catbird/Spotted_Catbird_0042_19430,17,018.Spotted_Catbird
training/019.Gray_Catbird/Gray_Catbird_0001_20695,18,019.Gray_Catbird
training/019.Gray_Catbird/Gray_Catbird_0050_20763,18,019.Gray_Catbird
training/019.Gray_Catbird/Gray_Catbird_0094_21303,18,019.Gray_Catbird
training/019.Gray_Catbird/Gray_Catbird_0100_20674,18,019.Gray_Catbird
training/019.Gray_Catbird/Gray_Catbird_0117_21333,18,019.Gray_Catbird
training/020.Yellow_breasted_Chat/Yellow_Breasted_Chat_0012_21961,19,020.Yellow_breasted_Chat
training/020.Yellow_breasted_Chat/Yellow_Breasted_Chat_0014_21970,19,020.Yellow_breasted_Chat
training/020.Yellow_breasted_Chat/Yellow_Breasted_Chat_0039_21654,19,020.Yellow_breasted_Chat
training/020.Yellow_breasted_Chat/Yellow_Breasted_Chat_0062_21673,19,020.Yellow_breasted_Chat
training/020.Yellow_breasted_Chat/Yellow_Breasted_Chat_0075_21715,19,020.Yellow_breasted_Chat
training/021.Eastern_Towhee/Eastern_Towhee_0021_22152,20,021.Eastern_Towhee
training/021.Eastern_Towhee/Eastern_Towhee_0035_22223,20,021.Eastern_Towhee
training/021.Eastern_Towhee/Eastern_Towhee_0038_22399,20,021.Eastern_Towhee
training/021.Eastern_Towhee/Eastern_Towhee_0050_22257,20,021.Eastern_Towhee
training/021.Eastern_Towhee/Eastern_Towhee_0111_22168,20,021.Eastern_Towhee
training/022.Chuck_will_Widow/Chuck_Will_Widow_0012_796956,21,022.Chuck_will_Widow
training/022.Chuck_will_Widow/Chuck_Will_Widow_0043_797001,21,022.Chuck_will_Widow
training/022.Chuck_will_Widow/Chuck_Will_Widow_0053_796953,21,022.Chuck_will_Widow
training/022.Chuck_will_Widow/Chuck_Will_Widow_0054_22782,21,022.Chuck_will_Widow
training/022.Chuck_will_Widow/Chuck_Will_Widow_0059_796982,21,022.Chuck_will_Widow
training/023.Brandt_Cormorant/Brandt_Cormorant_0023_23254,22,023.Brandt_Cormorant
training/023.Brandt_Cormorant/Brandt_Cormorant_0044_22884,22,023.Brandt_Cormorant
training/023.Brandt_Cormorant/Brandt_Cormorant_0045_22916,22,023.Brandt_Cormorant
training/023.Brandt_Cormorant/Brandt_Cormorant_0075_22970,22,023.Brandt_Cormorant
training/023.Brandt_Cormorant/Brandt_Cormorant_0087_23126,22,023.Brandt_Cormorant
training/024.Red_faced_Cormorant/Red_Faced_Cormorant_0028_796322,23,024.Red_faced_Cormorant
training/024.Red_faced_Cormorant/Red_Faced_Cormorant_0032_796334,23,024.Red_faced_Cormorant
training/024.Red_faced_Cormorant/Red_Faced_Cormorant_0036_796329,23,024.Red_faced_Cormorant
training/024.Red_faced_Cormorant/Red_Faced_Cormorant_0053_796331,23,024.Red_faced_Cormorant
training/024.Red_faced_Cormorant/Red_Faced_Cormorant_0065_796293,23,024.Red_faced_Cormorant
training/025.Pelagic_Cormorant/Pelagic_Cormorant_0019_23546,24,025.Pelagic_Cormorant
training/025.Pelagic_Cormorant/Pelagic_Cormorant_0024_23712,24,025.Pelagic_Cormorant
training/025.Pelagic_Cormorant/Pelagic_Cormorant_0047_23718,24,025.Pelagic_Cormorant
training/025.Pelagic_Cormorant/Pelagic_Cormorant_0064_23641,24,025.Pelagic_Cormorant
training/025.Pelagic_Cormorant/Pelagic_Cormorant_0085_23821,24,025.Pelagic_Cormorant
training/026.Bronzed_Cowbird/Bronzed_Cowbird_0001_796219,25,026.Bronzed_Cowbird
training/026.Bronzed_Cowbird/Bronzed_Cowbird_0039_24026,25,026.Bronzed_Cowbird
training/026.Bronzed_Cowbird/Bronzed_Cowbird_0053_24170,25,026.Bronzed_Cowbird
training/026.Bronzed_Cowbird/Bronzed_Cowbird_0054_24159,25,026.Bronzed_Cowbird
training/026.Bronzed_Cowbird/Bronzed_Cowbird_0057_24074,25,026.Bronzed_Cowbird
training/027.Shiny_Cowbird/Shiny_Cowbird_0024_24281,26,027.Shiny_Cowbird
training/027.Shiny_Cowbird/Shiny_Cowbird_0045_796856,26,027.Shiny_Cowbird
training/027.Shiny_Cowbird/Shiny_Cowbird_0066_24358,26,027.Shiny_Cowbird
training/027.Shiny_Cowbird/Shiny_Cowbird_0076_24363,26,027.Shiny_Cowbird
training/027.Shiny_Cowbird/Shiny_Cowbird_0086_24386,26,027.Shiny_Cowbird
training/028.Brown_Creeper/Brown_Creeper_0043_24549,27,028.Brown_Creeper
training/028.Brown_Creeper/Brown_Creeper_0048_24976,27,028.Brown_Creeper
training/028.Brown_Creeper/Brown_Creeper_0063_24724,27,028.Brown_Creeper
training/028.Brown_Creeper/Brown_Creeper_0064_24840,27,028.Brown_Creeper
training/028.Brown_Creeper/Brown_Creeper_0113_24560,27,028.Brown_Creeper
training/029.American_Crow/American_Crow_0068_25198,28,029.American_Crow
training/029.American_Crow/American_Crow_0074_25350,28,029.American_Crow
training/029.American_Crow/American_Crow_0101_25118,28,029.American_Crow
training/029.American_Crow/American_Crow_0130_25163,28,029.American_Crow
training/029.American_Crow/American_Crow_0132_25704,28,029.American_Crow
training/030.Fish_Crow/Fish_Crow_0005_25912,29,030.Fish_Crow
training/030.Fish_Crow/Fish_Crow_0010_25836,29,030.Fish_Crow
training/030.Fish_Crow/Fish_Crow_0024_26064,29,030.Fish_Crow
training/030.Fish_Crow/Fish_Crow_0028_25968,29,030.Fish_Crow
training/030.Fish_Crow/Fish_Crow_0083_25949,29,030.Fish_Crow
training/031.Black_billed_Cuckoo/Black_Billed_Cuckoo_0047_26176,30,031.Black_billed_Cuckoo
training/031.Black_billed_Cuckoo/Black_Billed_Cuckoo_0053_795321,30,031.Black_billed_Cuckoo
training/031.Black_billed_Cuckoo/Black_Billed_Cuckoo_0087_795300,30,031.Black_billed_Cuckoo
training/031.Black_billed_Cuckoo/Black_Billed_Cuckoo_0088_26217,30,031.Black_billed_Cuckoo
training/031.Black_billed_Cuckoo/Black_Billed_Cuckoo_0090_26311,30,031.Black_billed_Cuckoo
training/032.Mangrove_Cuckoo/Mangrove_Cuckoo_0004_794614,31,032.Mangrove_Cuckoo
training/032.Mangrove_Cuckoo/Mangrove_Cuckoo_0019_794621,31,032.Mangrove_Cuckoo
training/032.Mangrove_Cuckoo/Mangrove_Cuckoo_0020_794629,31,032.Mangrove_Cuckoo
training/032.Mangrove_Cuckoo/Mangrove_Cuckoo_0034_26415,31,032.Mangrove_Cuckoo
training/032.Mangrove_Cuckoo/Mangrove_Cuckoo_0046_794616,31,032.Mangrove_Cuckoo
training/033.Yellow_billed_Cuckoo/Yellow_Billed_Cuckoo_0009_26656,32,033.Yellow_billed_Cuckoo
training/033.Yellow_billed_Cuckoo/Yellow_Billed_Cuckoo_0026_26794,32,033.Yellow_billed_Cuckoo
training/033.Yellow_billed_Cuckoo/Yellow_Billed_Cuckoo_0028_26446,32,033.Yellow_billed_Cuckoo
training/033.Yellow_billed_Cuckoo/Yellow_Billed_Cuckoo_0049_26766,32,033.Yellow_billed_Cuckoo
training/033.Yellow_billed_Cuckoo/Yellow_Billed_Cuckoo_0092_26859,32,033.Yellow_billed_Cuckoo
training/034.Gray_crowned_Rosy_Finch/Gray_Crowned_Rosy_Finch_0038_797309,33,034.Gray_crowned_Rosy_Finch
training/034.Gray_crowned_Rosy_Finch/Gray_Crowned_Rosy_Finch_0042_27143,33,034.Gray_crowned_Rosy_Finch
training/034.Gray_crowned_Rosy_Finch/Gray_Crowned_Rosy_Finch_0046_797295,33,034.Gray_crowned_Rosy_Finch
training/034.Gray_crowned_Rosy_Finch/Gray_Crowned_Rosy_Finch_0055_27112,33,034.Gray_crowned_Rosy_Finch
training/034.Gray_crowned_Rosy_Finch/Gray_Crowned_Rosy_Finch_0074_27156,33,034.Gray_crowned_Rosy_Finch
training/035.Purple_Finch/Purple_Finch_0006_27950,34,035.Purple_Finch
training/035.Purple_Finch/Purple_Finch_0071_27443,34,035.Purple_Finch
training/035.Purple_Finch/Purple_Finch_0082_27639,34,035.Purple_Finch
training/035.Purple_Finch/Purple_Finch_0088_28076,34,035.Purple_Finch
training/035.Purple_Finch/Purple_Finch_0111_27293,34,035.Purple_Finch
training/036.Northern_Flicker/Northern_Flicker_0011_28466,35,036.Northern_Flicker
training/036.Northern_Flicker/Northern_Flicker_0036_28681,35,036.Northern_Flicker
training/036.Northern_Flicker/Northern_Flicker_0069_28924,35,036.Northern_Flicker
training/036.Northern_Flicker/Northern_Flicker_0078_28338,35,036.Northern_Flicker
training/036.Northern_Flicker/Northern_Flicker_0107_28667,35,036.Northern_Flicker
training/037.Acadian_Flycatcher/Acadian_Flycatcher_0007_795600,36,037.Acadian_Flycatcher
training/037.Acadian_Flycatcher/Acadian_Flycatcher_0035_795618,36,037.Acadian_Flycatcher
training/037.Acadian_Flycatcher/Acadian_Flycatcher_0045_795587,36,037.Acadian_Flycatcher
training/037.Acadian_Flycatcher/Acadian_Flycatcher_0055_795609,36,037.Acadian_Flycatcher
training/037.Acadian_Flycatcher/Acadian_Flycatcher_0063_795585,36,037.Acadian_Flycatcher
training/038.Great_Crested_Flycatcher/Great_Crested_Flycatcher_0050_29786,37,038.Great_Crested_Flycatcher
training/038.Great_Crested_Flycatcher/Great_Crested_Flycatcher_0058_29523,37,038.Great_Crested_Flycatcher
training/038.Great_Crested_Flycatcher/Great_Crested_Flycatcher_0068_29416,37,038.Great_Crested_Flycatcher
training/038.Great_Crested_Flycatcher/Great_Crested_Flycatcher_0084_29716,37,038.Great_Crested_Flycatcher
training/038.Great_Crested_Flycatcher/Great_Crested_Flycatcher_0099_29305,37,038.Great_Crested_Flycatcher
training/039.Least_Flycatcher/Least_Flycatcher_0021_30355,38,039.Least_Flycatcher
training/039.Least_Flycatcher/Least_Flycatcher_0034_30151,38,039.Least_Flycatcher
training/039.Least_Flycatcher/Least_Flycatcher_0067_30397,38,039.Least_Flycatcher
training/039.Least_Flycatcher/Least_Flycatcher_0076_30117,38,039.Least_Flycatcher
training/039.Least_Flycatcher/Least_Flycatcher_0099_30200,38,039.Least_Flycatcher
training/040.Olive_sided_Flycatcher/Olive_Sided_Flycatcher_0005_30734,39,040.Olive_sided_Flycatcher
training/040.Olive_sided_Flycatcher/Olive_Sided_Flycatcher_0012_796876,39,040.Olive_sided_Flycatcher
training/040.Olive_sided_Flycatcher/Olive_Sided_Flycatcher_0020_796881,39,040.Olive_sided_Flycatcher
training/040.Olive_sided_Flycatcher/Olive_Sided_Flycatcher_0054_30732,39,040.Olive_sided_Flycatcher
training/040.Olive_sided_Flycatcher/Olive_Sided_Flycatcher_0078_30752,39,040.Olive_sided_Flycatcher
training/041.Scissor_tailed_Flycatcher/Scissor_Tailed_Flycatcher_0020_41680,40,041.Scissor_tailed_Flycatcher
training/041.Scissor_tailed_Flycatcher/Scissor_Tailed_Flycatcher_0089_41810,40,041.Scissor_tailed_Flycatcher
training/041.Scissor_tailed_Flycatcher/Scissor_Tailed_Flycatcher_0114_41704,40,041.Scissor_tailed_Flycatcher
training/041.Scissor_tailed_Flycatcher/Scissor_Tailed_Flycatcher_0115_42137,40,041.Scissor_tailed_Flycatcher
training/041.Scissor_tailed_Flycatcher/Scissor_Tailed_Flycatcher_0126_41905,40,041.Scissor_tailed_Flycatcher
training/042.Vermilion_Flycatcher/Vermilion_Flycatcher_0020_42498,41,042.Vermilion_Flycatcher
training/042.Vermilion_Flycatcher/Vermilion_Flycatcher_0060_42293,41,042.Vermilion_Flycatcher
training/042.Vermilion_Flycatcher/Vermilion_Flycatcher_0061_42397,41,042.Vermilion_Flycatcher
training/042.Vermilion_Flycatcher/Vermilion_Flycatcher_0067_42185,41,042.Vermilion_Flycatcher
training/042.Vermilion_Flycatcher/Vermilion_Flycatcher_0069_42502,41,042.Vermilion_Flycatcher
training/043.Yellow_bellied_Flycatcher/Yellow_Bellied_Flycatcher_0016_795476,42,043.Yellow_bellied_Flycatcher
training/043.Yellow_bellied_Flycatcher/Yellow_Bellied_Flycatcher_0023_795478,42,043.Yellow_bellied_Flycatcher
training/043.Yellow_bellied_Flycatcher/Yellow_Bellied_Flycatcher_0035_795464,42,043.Yellow_bellied_Flycatcher
training/043.Yellow_bellied_Flycatcher/Yellow_Bellied_Flycatcher_0037_795500,42,043.Yellow_bellied_Flycatcher
training/043.Yellow_bellied_Flycatcher/Yellow_Bellied_Flycatcher_0044_795480,42,043.Yellow_bellied_Flycatcher
training/044.Frigatebird/Frigatebird_0001_43101,43,044.Frigatebird
training/044.Frigatebird/Frigatebird_0006_43381,43,044.Frigatebird
training/044.Frigatebird/Frigatebird_0021_42913,43,044.Frigatebird
training/044.Frigatebird/Frigatebird_0114_42807,43,044.Frigatebird
training/044.Frigatebird/Frigatebird_0119_43042,43,044.Frigatebird
training/045.Northern_Fulmar/Northern_Fulmar_0010_44112,44,045.Northern_Fulmar
training/045.Northern_Fulmar/Northern_Fulmar_0050_43839,44,045.Northern_Fulmar
training/045.Northern_Fulmar/Northern_Fulmar_0060_43813,44,045.Northern_Fulmar
training/045.Northern_Fulmar/Northern_Fulmar_0074_43955,44,045.Northern_Fulmar
training/045.Northern_Fulmar/Northern_Fulmar_0083_43618,44,045.Northern_Fulmar
training/046.Gadwall/Gadwall_0012_30920,45,046.Gadwall
training/046.Gadwall/Gadwall_0035_30985,45,046.Gadwall
training/046.Gadwall/Gadwall_0086_31346,45,046.Gadwall
training/046.Gadwall/Gadwall_0096_31560,45,046.Gadwall
training/046.Gadwall/Gadwall_0097_30893,45,046.Gadwall
training/047.American_Goldfinch/American_Goldfinch_0014_32154,46,047.American_Goldfinch
training/047.American_Goldfinch/American_Goldfinch_0026_32222,46,047.American_Goldfinch
training/047.American_Goldfinch/American_Goldfinch_0086_31887,46,047.American_Goldfinch
training/047.American_Goldfinch/American_Goldfinch_0092_32910,46,047.American_Goldfinch
training/047.American_Goldfinch/American_Goldfinch_0135_32107,46,047.American_Goldfinch
training/048.European_Goldfinch/European_Goldfinch_0012_794646,47,048.European_Goldfinch
training/048.European_Goldfinch/European_Goldfinch_0046_33307,47,048.European_Goldfinch
training/048.European_Goldfinch/European_Goldfinch_0052_33082,47,048.European_Goldfinch
training/048.European_Goldfinch/European_Goldfinch_0068_33359,47,048.European_Goldfinch
training/048.European_Goldfinch/European_Goldfinch_0100_794685,47,048.European_Goldfinch
training/049.Boat_tailed_Grackle/Boat_Tailed_Grackle_0016_33770,48,049.Boat_tailed_Grackle
training/049.Boat_tailed_Grackle/Boat_Tailed_Grackle_0041_33396,48,049.Boat_tailed_Grackle
training/049.Boat_tailed_Grackle/Boat_Tailed_Grackle_0043_33595,48,049.Boat_tailed_Grackle
training/049.Boat_tailed_Grackle/Boat_Tailed_Grackle_0089_33807,48,049.Boat_tailed_Grackle
training/049.Boat_tailed_Grackle/Boat_Tailed_Grackle_0113_33490,48,049.Boat_tailed_Grackle
training/050.Eared_Grebe/Eared_Grebe_0029_34258,49,050.Eared_Grebe
training/050.Eared_Grebe/Eared_Grebe_0053_34084,49,050.Eared_Grebe
training/050.Eared_Grebe/Eared_Grebe_0058_34174,49,050.Eared_Grebe
training/050.Eared_Grebe/Eared_Grebe_0061_34407,49,050.Eared_Grebe
training/050.Eared_Grebe/Eared_Grebe_0064_34251,49,050.Eared_Grebe
training/051.Horned_Grebe/Horned_Grebe_0006_34718,50,051.Horned_Grebe
training/051.Horned_Grebe/Horned_Grebe_0031_34626,50,051.Horned_Grebe
training/051.Horned_Grebe/Horned_Grebe_0076_34841,50,051.Horned_Grebe
training/051.Horned_Grebe/Horned_Grebe_0099_34989,50,051.Horned_Grebe
training/051.Horned_Grebe/Horned_Grebe_0103_34822,50,051.Horned_Grebe
training/052.Pied_billed_Grebe/Pied_Billed_Grebe_0033_35379,51,052.Pied_billed_Grebe
training/052.Pied_billed_Grebe/Pied_Billed_Grebe_0070_35472,51,052.Pied_billed_Grebe
training/052.Pied_billed_Grebe/Pied_Billed_Grebe_0076_35432,51,052.Pied_billed_Grebe
training/052.Pied_billed_Grebe/Pied_Billed_Grebe_0113_35703,51,052.Pied_billed_Grebe
training/052.Pied_billed_Grebe/Pied_Billed_Grebe_0114_35493,51,052.Pied_billed_Grebe
training/053.Western_Grebe/Western_Grebe_0014_36185,52,053.Western_Grebe
training/053.Western_Grebe/Western_Grebe_0017_36218,52,053.Western_Grebe
training/053.Western_Grebe/Western_Grebe_0025_36251,52,053.Western_Grebe
training/053.Western_Grebe/Western_Grebe_0061_36181,52,053.Western_Grebe
training/053.Western_Grebe/Western_Grebe_0092_36121,52,053.Western_Grebe
training/054.Blue_Grosbeak/Blue_Grosbeak_0009_36992,53,054.Blue_Grosbeak
training/054.Blue_Grosbeak/Blue_Grosbeak_0029_37197,53,054.Blue_Grosbeak
training/054.Blue_Grosbeak/Blue_Grosbeak_0045_36672,53,054.Blue_Grosbeak
training/054.Blue_Grosbeak/Blue_Grosbeak_0093_37107,53,054.Blue_Grosbeak
training/054.Blue_Grosbeak/Blue_Grosbeak_0107_36696,53,054.Blue_Grosbeak
training/055.Evening_Grosbeak/Evening_Grosbeak_0033_37707,54,055.Evening_Grosbeak
training/055.Evening_Grosbeak/Evening_Grosbeak_0034_37349,54,055.Evening_Grosbeak
training/055.Evening_Grosbeak/Evening_Grosbeak_0041_37928,54,055.Evening_Grosbeak
training/055.Evening_Grosbeak/Evening_Grosbeak_0075_37302,54,055.Evening_Grosbeak
training/055.Evening_Grosbeak/Evening_Grosbeak_0101_37697,54,055.Evening_Grosbeak
training/056.Pine_Grosbeak/Pine_Grosbeak_0033_38945,55,056.Pine_Grosbeak
training/056.Pine_Grosbeak/Pine_Grosbeak_0082_38552,55,056.Pine_Grosbeak
training/056.Pine_Grosbeak/Pine_Grosbeak_0088_38830,55,056.Pine_Grosbeak
training/056.Pine_Grosbeak/Pine_Grosbeak_0100_38988,55,056.Pine_Grosbeak
training/056.Pine_Grosbeak/Pine_Grosbeak_0105_38210,55,056.Pine_Grosbeak
training/057.Rose_breasted_Grosbeak/Rose_Breasted_Grosbeak_0011_39207,56,057.Rose_breasted_Grosbeak
training/057.Rose_breasted_Grosbeak/Rose_Breasted_Grosbeak_0019_39274,56,057.Rose_breasted_Grosbeak
training/057.Rose_breasted_Grosbeak/Rose_Breasted_Grosbeak_0024_39398,56,057.Rose_breasted_Grosbeak
training/057.Rose_breasted_Grosbeak/Rose_Breasted_Grosbeak_0088_39035,56,057.Rose_breasted_Grosbeak
training/057.Rose_breasted_Grosbeak/Rose_Breasted_Grosbeak_0106_39714,56,057.Rose_breasted_Grosbeak
training/058.Pigeon_Guillemot/Pigeon_Guillemot_0028_40046,57,058.Pigeon_Guillemot
training/058.Pigeon_Guillemot/Pigeon_Guillemot_0053_39876,57,058.Pigeon_Guillemot
training/058.Pigeon_Guillemot/Pigeon_Guillemot_0068_40039,57,058.Pigeon_Guillemot
training/058.Pigeon_Guillemot/Pigeon_Guillemot_0069_40278,57,058.Pigeon_Guillemot
training/058.Pigeon_Guillemot/Pigeon_Guillemot_0098_39902,57,058.Pigeon_Guillemot
training/059.California_Gull/California_Gull_0012_41272,58,059.California_Gull
training/059.California_Gull/California_Gull_0025_41479,58,059.California_Gull
training/059.California_Gull/California_Gull_0059_40764,58,059.California_Gull
training/059.California_Gull/California_Gull_0103_41044,58,059.California_Gull
training/059.California_Gull/California_Gull_0111_41033,58,059.California_Gull
training/060.Glaucous_winged_Gull/Glaucous_Winged_Gull_0012_44264,59,060.Glaucous_winged_Gull
training/060.Glaucous_winged_Gull/Glaucous_Winged_Gull_0067_45156,59,060.Glaucous_winged_Gull
training/060.Glaucous_winged_Gull/Glaucous_Winged_Gull_0096_45012,59,060.Glaucous_winged_Gull
training/060.Glaucous_winged_Gull/Glaucous_Winged_Gull_0127_44258,59,060.Glaucous_winged_Gull
training/060.Glaucous_winged_Gull/Glaucous_Winged_Gull_0134_44743,59,060.Glaucous_winged_Gull
training/061.Heermann_Gull/Heermann_Gull_0035_45754,60,061.Heermann_Gull
training/061.Heermann_Gull/Heermann_Gull_0043_45939,60,061.Heermann_Gull
training/061.Heermann_Gull/Heermann_Gull_0073_45714,60,061.Heermann_Gull
training/061.Heermann_Gull/Heermann_Gull_0086_45304,60,061.Heermann_Gull
training/061.Heermann_Gull/Heermann_Gull_0089_45679,60,061.Heermann_Gull
training/062.Herring_Gull/Herring_Gull_0004_48046,61,062.Herring_Gull
training/062.Herring_Gull/Herring_Gull_0014_47814,61,062.Herring_Gull
training/062.Herring_Gull/Herring_Gull_0054_46164,61,062.Herring_Gull
training/062.Herring_Gull/Herring_Gull_0116_47222,61,062.Herring_Gull
training/062.Herring_Gull/Herring_Gull_0130_46675,61,062.Herring_Gull
training/063.Ivory_Gull/Ivory_Gull_0039_49412,62,063.Ivory_Gull
training/063.Ivory_Gull/Ivory_Gull_0040_49180,62,063.Ivory_Gull
training/063.Ivory_Gull/Ivory_Gull_0065_49566,62,063.Ivory_Gull
training/063.Ivory_Gull/Ivory_Gull_0104_49666,62,063.Ivory_Gull
training/063.Ivory_Gull/Ivory_Gull_0117_49227,62,063.Ivory_Gull
training/064.Ring_billed_Gull/Ring_Billed_Gull_0017_51412,63,064.Ring_billed_Gull
training/064.Ring_billed_Gull/Ring_Billed_Gull_0055_51156,63,064.Ring_billed_Gull
training/064.Ring_billed_Gull/Ring_Billed_Gull_0101_51375,63,064.Ring_billed_Gull
training/064.Ring_billed_Gull/Ring_Billed_Gull_0108_51108,63,064.Ring_billed_Gull
training/064.Ring_billed_Gull/Ring_Billed_Gull_0131_51370,63,064.Ring_billed_Gull
training/065.Slaty_backed_Gull/Slaty_Backed_Gull_0031_796029,64,065.Slaty_backed_Gull
training/065.Slaty_backed_Gull/Slaty_Backed_Gull_0056_796013,64,065.Slaty_backed_Gull
training/065.Slaty_backed_Gull/Slaty_Backed_Gull_0068_53206,64,065.Slaty_backed_Gull
training/065.Slaty_backed_Gull/Slaty_Backed_Gull_0072_53314,64,065.Slaty_backed_Gull
training/065.Slaty_backed_Gull/Slaty_Backed_Gull_0086_786387,64,065.Slaty_backed_Gull
training/066.Western_Gull/Western_Gull_0042_53843,65,066.Western_Gull
training/066.Western_Gull/Western_Gull_0052_53485,65,066.Western_Gull
training/066.Western_Gull/Western_Gull_0093_54925,65,066.Western_Gull
training/066.Western_Gull/Western_Gull_0097_54508,65,066.Western_Gull
training/066.Western_Gull/Western_Gull_0122_40866,65,066.Western_Gull
training/067.Anna_Hummingbird/Anna_Hummingbird_0021_55763,66,067.Anna_Hummingbird
training/067.Anna_Hummingbird/Anna_Hummingbird_0052_56344,66,067.Anna_Hummingbird
training/067.Anna_Hummingbird/Anna_Hummingbird_0094_56092,66,067.Anna_Hummingbird
training/067.Anna_Hummingbird/Anna_Hummingbird_0112_56353,66,067.Anna_Hummingbird
training/067.Anna_Hummingbird/Anna_Hummingbird_0113_56296,66,067.Anna_Hummingbird
training/068.Ruby_throated_Hummingbird/Ruby_Throated_Hummingbird_0003_58269,67,068.Ruby_throated_Hummingbird
training/068.Ruby_throated_Hummingbird/Ruby_Throated_Hummingbird_0042_57431,67,068.Ruby_throated_Hummingbird
training/068.Ruby_throated_Hummingbird/Ruby_Throated_Hummingbird_0045_57347,67,068.Ruby_throated_Hummingbird
training/068.Ruby_throated_Hummingbird/Ruby_Throated_Hummingbird_0088_57366,67,068.Ruby_throated_Hummingbird
training/068.Ruby_throated_Hummingbird/Ruby_Throated_Hummingbird_0110_57851,67,068.Ruby_throated_Hummingbird
training/069.Rufous_Hummingbird/Rufous_Hummingbird_0006_59621,68,069.Rufous_Hummingbird
training/069.Rufous_Hummingbird/Rufous_Hummingbird_0025_59461,68,069.Rufous_Hummingbird
training/069.Rufous_Hummingbird/Rufous_Hummingbird_0064_58509,68,069.Rufous_Hummingbird
training/069.Rufous_Hummingbird/Rufous_Hummingbird_0077_59452,68,069.Rufous_Hummingbird
training/069.Rufous_Hummingbird/Rufous_Hummingbird_0111_59408,68,069.Rufous_Hummingbird
training/070.Green_Violetear/Green_Violetear_0009_795647,69,070.Green_Violetear
training/070.Green_Violetear/Green_Violetear_0021_795632,69,070.Green_Violetear
training/070.Green_Violetear/Green_Violetear_0067_795674,69,070.Green_Violetear
training/070.Green_Violetear/Green_Violetear_0084_795641,69,070.Green_Violetear
training/070.Green_Violetear/Green_Violetear_0108_795711,69,070.Green_Violetear
training/071.Long_tailed_Jaeger/Long_Tailed_Jaeger_0006_797065,70,071.Long_tailed_Jaeger
training/071.Long_tailed_Jaeger/Long_Tailed_Jaeger_0009_797070,70,071.Long_tailed_Jaeger
training/071.Long_tailed_Jaeger/Long_Tailed_Jaeger_0039_797089,70,071.Long_tailed_Jaeger
training/071.Long_tailed_Jaeger/Long_Tailed_Jaeger_0053_60906,70,071.Long_tailed_Jaeger
training/071.Long_tailed_Jaeger/Long_Tailed_Jaeger_0054_797088,70,071.Long_tailed_Jaeger
training/072.Pomarine_Jaeger/Pomarine_Jaeger_0022_795747,71,072.Pomarine_Jaeger
training/072.Pomarine_Jaeger/Pomarine_Jaeger_0024_61281,71,072.Pomarine_Jaeger
training/072.Pomarine_Jaeger/Pomarine_Jaeger_0031_61420,71,072.Pomarine_Jaeger
training/072.Pomarine_Jaeger/Pomarine_Jaeger_0041_61305,71,072.Pomarine_Jaeger
training/072.Pomarine_Jaeger/Pomarine_Jaeger_0060_795756,71,072.Pomarine_Jaeger
training/073.Blue_Jay/Blue_Jay_0009_62873,72,073.Blue_Jay
training/073.Blue_Jay/Blue_Jay_0022_63074,72,073.Blue_Jay
training/073.Blue_Jay/Blue_Jay_0054_61656,72,073.Blue_Jay
training/073.Blue_Jay/Blue_Jay_0089_61521,72,073.Blue_Jay
training/073.Blue_Jay/Blue_Jay_0099_64435,72,073.Blue_Jay
training/074.Florida_Jay/Florida_Jay_0018_64994,73,074.Florida_Jay
training/074.Florida_Jay/Florida_Jay_0047_65088,73,074.Florida_Jay
training/074.Florida_Jay/Florida_Jay_0081_64859,73,074.Florida_Jay
training/074.Florida_Jay/Florida_Jay_0093_64675,73,074.Florida_Jay
training/074.Florida_Jay/Florida_Jay_0108_64694,73,074.Florida_Jay
training/075.Green_Jay/Green_Jay_0006_65788,74,075.Green_Jay
training/075.Green_Jay/Green_Jay_0040_65863,74,075.Green_Jay
training/075.Green_Jay/Green_Jay_0086_65847,74,075.Green_Jay
training/075.Green_Jay/Green_Jay_0114_65841,74,075.Green_Jay
training/075.Green_Jay/Green_Jay_0121_65564,74,075.Green_Jay
training/076.Dark_eyed_Junco/Dark_Eyed_Junco_0048_66981,75,076.Dark_eyed_Junco
training/076.Dark_eyed_Junco/Dark_Eyed_Junco_0056_67498,75,076.Dark_eyed_Junco
training/076.Dark_eyed_Junco/Dark_Eyed_Junco_0061_66858,75,076.Dark_eyed_Junco
training/076.Dark_eyed_Junco/Dark_Eyed_Junco_0090_69051,75,076.Dark_eyed_Junco
training/076.Dark_eyed_Junco/Dark_Eyed_Junco_0096_68514,75,076.Dark_eyed_Junco
training/077.Tropical_Kingbird/Tropical_Kingbird_0001_69958,76,077.Tropical_Kingbird
training/077.Tropical_Kingbird/Tropical_Kingbird_0011_69877,76,077.Tropical_Kingbird
training/077.Tropical_Kingbird/Tropical_Kingbird_0074_69949,76,077.Tropical_Kingbird
training/077.Tropical_Kingbird/Tropical_Kingbird_0087_69592,76,077.Tropical_Kingbird
training/077.Tropical_Kingbird/Tropical_Kingbird_0102_69654,76,077.Tropical_Kingbird
training/078.Gray_Kingbird/Gray_Kingbird_0003_70305,77,078.Gray_Kingbird
training/078.Gray_Kingbird/Gray_Kingbird_0009_795023,77,078.Gray_Kingbird
training/078.Gray_Kingbird/Gray_Kingbird_0026_70089,77,078.Gray_Kingbird
training/078.Gray_Kingbird/Gray_Kingbird_0028_70303,77,078.Gray_Kingbird
training/078.Gray_Kingbird/Gray_Kingbird_0059_795030,77,078.Gray_Kingbird
training/079.Belted_Kingfisher/Belted_Kingfisher_0011_70923,78,079.Belted_Kingfisher
training/079.Belted_Kingfisher/Belted_Kingfisher_0041_70595,78,079.Belted_Kingfisher
training/079.Belted_Kingfisher/Belted_Kingfisher_0043_70492,78,079.Belted_Kingfisher
training/079.Belted_Kingfisher/Belted_Kingfisher_0047_70705,78,079.Belted_Kingfisher
training/079.Belted_Kingfisher/Belted_Kingfisher_0053_70899,78,079.Belted_Kingfisher
training/080.Green_Kingfisher/Green_Kingfisher_0016_71198,79,080.Green_Kingfisher
training/080.Green_Kingfisher/Green_Kingfisher_0018_71189,79,080.Green_Kingfisher
training/080.Green_Kingfisher/Green_Kingfisher_0031_71229,79,080.Green_Kingfisher
training/080.Green_Kingfisher/Green_Kingfisher_0056_70972,79,080.Green_Kingfisher
training/080.Green_Kingfisher/Green_Kingfisher_0067_71093,79,080.Green_Kingfisher
training/081.Pied_Kingfisher/Pied_Kingfisher_0011_72143,80,081.Pied_Kingfisher
training/081.Pied_Kingfisher/Pied_Kingfisher_0051_71429,80,081.Pied_Kingfisher
training/081.Pied_Kingfisher/Pied_Kingfisher_0073_72508,80,081.Pied_Kingfisher
training/081.Pied_Kingfisher/Pied_Kingfisher_0074_71830,80,081.Pied_Kingfisher
training/081.Pied_Kingfisher/Pied_Kingfisher_0121_72378,80,081.Pied_Kingfisher
training/082.Ringed_Kingfisher/Ringed_Kingfisher_0027_72948,81,082.Ringed_Kingfisher
training/082.Ringed_Kingfisher/Ringed_Kingfisher_0041_72853,81,082.Ringed_Kingfisher
training/082.Ringed_Kingfisher/Ringed_Kingfisher_0042_72913,81,082.Ringed_Kingfisher
training/082.Ringed_Kingfisher/Ringed_Kingfisher_0044_72976,81,082.Ringed_Kingfisher
training/082.Ringed_Kingfisher/Ringed_Kingfisher_0077_72872,81,082.Ringed_Kingfisher
training/083.White_breasted_Kingfisher/White_Breasted_Kingfisher_0002_73491,82,083.White_breasted_Kingfisher
training/083.White_breasted_Kingfisher/White_Breasted_Kingfisher_0035_73290,82,083.White_breasted_Kingfisher
training/083.White_breasted_Kingfisher/White_Breasted_Kingfisher_0049_73420,82,083.White_breasted_Kingfisher
training/083.White_breasted_Kingfisher/White_Breasted_Kingfisher_0088_73386,82,083.White_breasted_Kingfisher
training/083.White_breasted_Kingfisher/White_Breasted_Kingfisher_0115_73252,82,083.White_breasted_Kingfisher
training/084.Red_legged_Kittiwake/Red_Legged_Kittiwake_0004_73811,83,084.Red_legged_Kittiwake
training/084.Red_legged_Kittiwake/Red_Legged_Kittiwake_0019_795398,83,084.Red_legged_Kittiwake
training/084.Red_legged_Kittiwake/Red_Legged_Kittiwake_0024_795441,83,084.Red_legged_Kittiwake
training/084.Red_legged_Kittiwake/Red_Legged_Kittiwake_0063_795453,83,084.Red_legged_Kittiwake
training/084.Red_legged_Kittiwake/Red_Legged_Kittiwake_0066_795419,83,084.Red_legged_Kittiwake
training/085.Horned_Lark/Horned_Lark_0035_74555,84,085.Horned_Lark
training/085.Horned_Lark/Horned_Lark_0043_74450,84,085.Horned_Lark
training/085.Horned_Lark/Horned_Lark_0046_73950,84,085.Horned_Lark
training/085.Horned_Lark/Horned_Lark_0067_75266,84,085.Horned_Lark
training/085.Horned_Lark/Horned_Lark_0095_74640,84,085.Horned_Lark
training/086.Pacific_Loon/Pacific_Loon_0021_75859,85,086.Pacific_Loon
training/086.Pacific_Loon/Pacific_Loon_0031_75531,85,086.Pacific_Loon
training/086.Pacific_Loon/Pacific_Loon_0036_75539,85,086.Pacific_Loon
training/086.Pacific_Loon/Pacific_Loon_0038_75526,85,086.Pacific_Loon
training/086.Pacific_Loon/Pacific_Loon_0051_75514,85,086.Pacific_Loon
training/087.Mallard/Mallard_0022_77166,86,087.Mallard
training/087.Mallard/Mallard_0025_76465,86,087.Mallard
training/087.Mallard/Mallard_0050_76519,86,087.Mallard
training/087.Mallard/Mallard_0077_75911,86,087.Mallard
training/087.Mallard/Mallard_0121_77434,86,087.Mallard
training/088.Western_Meadowlark/Western_Meadowlark_0021_78841,87,088.Western_Meadowlark
training/088.Western_Meadowlark/Western_Meadowlark_0024_78432,87,088.Western_Meadowlark
training/088.Western_Meadowlark/Western_Meadowlark_0040_77823,87,088.Western_Meadowlark
training/088.Western_Meadowlark/Western_Meadowlark_0077_77814,87,088.Western_Meadowlark
training/088.Western_Meadowlark/Western_Meadowlark_0125_77850,87,088.Western_Meadowlark
training/089.Hooded_Merganser/Hooded_Merganser_0023_796784,88,089.Hooded_Merganser
training/089.Hooded_Merganser/Hooded_Merganser_0024_796779,88,089.Hooded_Merganser
training/089.Hooded_Merganser/Hooded_Merganser_0034_796762,88,089.Hooded_Merganser
training/089.Hooded_Merganser/Hooded_Merganser_0053_796728,88,089.Hooded_Merganser
training/089.Hooded_Merganser/Hooded_Merganser_0079_796768,88,089.Hooded_Merganser
training/090.Red_breasted_Merganser/Red_Breasted_Merganser_0002_79447,89,090.Red_breasted_Merganser
training/090.Red_breasted_Merganser/Red_Breasted_Merganser_0006_79216,89,090.Red_breasted_Merganser
training/090.Red_breasted_Merganser/Red_Breasted_Merganser_0016_79476,89,090.Red_breasted_Merganser
training/090.Red_breasted_Merganser/Red_Breasted_Merganser_0032_79280,89,090.Red_breasted_Merganser
training/090.Red_breasted_Merganser/Red_Breasted_Merganser_0063_79238,89,090.Red_breasted_Merganser
training/091.Mockingbird/Mockingbird_0015_80652,90,091.Mockingbird
training/091.Mockingbird/Mockingbird_0038_81299,90,091.Mockingbird
training/091.Mockingbird/Mockingbird_0048_80441,90,091.Mockingbird
training/091.Mockingbird/Mockingbird_0057_79643,90,091.Mockingbird
training/091.Mockingbird/Mockingbird_0103_79659,90,091.Mockingbird
training/092.Nighthawk/Nighthawk_0012_84333,91,092.Nighthawk
training/092.Nighthawk/Nighthawk_0030_795338,91,092.Nighthawk
training/092.Nighthawk/Nighthawk_0058_83270,91,092.Nighthawk
training/092.Nighthawk/Nighthawk_0061_82509,91,092.Nighthawk
training/092.Nighthawk/Nighthawk_0082_82242,91,092.Nighthawk
training/093.Clark_Nutcracker/Clark_Nutcracker_0013_84791,92,093.Clark_Nutcracker
training/093.Clark_Nutcracker/Clark_Nutcracker_0020_85099,92,093.Clark_Nutcracker
training/093.Clark_Nutcracker/Clark_Nutcracker_0112_85350,92,093.Clark_Nutcracker
training/093.Clark_Nutcracker/Clark_Nutcracker_0117_84912,92,093.Clark_Nutcracker
training/093.Clark_Nutcracker/Clark_Nutcracker_0124_85128,92,093.Clark_Nutcracker
training/094.White_breasted_Nuthatch/White_Breasted_Nuthatch_0036_86596,93,094.White_breasted_Nuthatch
training/094.White_breasted_Nuthatch/White_Breasted_Nuthatch_0039_86166,93,094.White_breasted_Nuthatch
training/094.White_breasted_Nuthatch/White_Breasted_Nuthatch_0043_86196,93,094.White_breasted_Nuthatch
training/094.White_breasted_Nuthatch/White_Breasted_Nuthatch_0047_85819,93,094.White_breasted_Nuthatch
training/094.White_breasted_Nuthatch/White_Breasted_Nuthatch_0142_86805,93,094.White_breasted_Nuthatch
training/095.Baltimore_Oriole/Baltimore_Oriole_0027_87561,94,095.Baltimore_Oriole
training/095.Baltimore_Oriole/Baltimore_Oriole_0033_88347,94,095.Baltimore_Oriole
training/095.Baltimore_Oriole/Baltimore_Oriole_0111_87449,94,095.Baltimore_Oriole
training/095.Baltimore_Oriole/Baltimore_Oriole_0120_88403,94,095.Baltimore_Oriole
training/095.Baltimore_Oriole/Baltimore_Oriole_0128_87796,94,095.Baltimore_Oriole
training/096.Hooded_Oriole/Hooded_Oriole_0013_90445,95,096.Hooded_Oriole
training/096.Hooded_Oriole/Hooded_Oriole_0055_90850,95,096.Hooded_Oriole
training/096.Hooded_Oriole/Hooded_Oriole_0079_89978,95,096.Hooded_Oriole
training/096.Hooded_Oriole/Hooded_Oriole_0091_90821,95,096.Hooded_Oriole
training/096.Hooded_Oriole/Hooded_Oriole_0106_90899,95,096.Hooded_Oriole
training/097.Orchard_Oriole/Orchard_Oriole_0005_91682,96,097.Orchard_Oriole
training/097.Orchard_Oriole/Orchard_Oriole_0023_91705,96,097.Orchard_Oriole
training/097.Orchard_Oriole/Orchard_Oriole_0033_91532,96,097.Orchard_Oriole
training/097.Orchard_Oriole/Orchard_Oriole_0046_91646,96,097.Orchard_Oriole
training/097.Orchard_Oriole/Orchard_Oriole_0059_92046,96,097.Orchard_Oriole
training/098.Scott_Oriole/Scott_Oriole_0005_92362,97,098.Scott_Oriole
training/098.Scott_Oriole/Scott_Oriole_0012_795837,97,098.Scott_Oriole
training/098.Scott_Oriole/Scott_Oriole_0023_795835,97,098.Scott_Oriole
training/098.Scott_Oriole/Scott_Oriole_0056_795816,97,098.Scott_Oriole
training/098.Scott_Oriole/Scott_Oriole_0069_92271,97,098.Scott_Oriole
training/099.Ovenbird/Ovenbird_0011_92451,98,099.Ovenbird
training/099.Ovenbird/Ovenbird_0050_92672,98,099.Ovenbird
training/099.Ovenbird/Ovenbird_0077_92590,98,099.Ovenbird
training/099.Ovenbird/Ovenbird_0096_93131,98,099.Ovenbird
training/099.Ovenbird/Ovenbird_0098_93032,98,099.Ovenbird
training/100.Brown_Pelican/Brown_Pelican_0020_95422,99,100.Brown_Pelican
training/100.Brown_Pelican/Brown_Pelican_0025_95218,99,100.Brown_Pelican
training/100.Brown_Pelican/Brown_Pelican_0036_93843,99,100.Brown_Pelican
training/100.Brown_Pelican/Brown_Pelican_0043_94506,99,100.Brown_Pelican
training/100.Brown_Pelican/Brown_Pelican_0067_94529,99,100.Brown_Pelican
training/101.White_Pelican/White_Pelican_0012_97261,100,101.White_Pelican
training/101.White_Pelican/White_Pelican_0015_96952,100,101.White_Pelican
training/101.White_Pelican/White_Pelican_0035_96312,100,101.White_Pelican
training/101.White_Pelican/White_Pelican_0050_97913,100,101.White_Pelican
training/101.White_Pelican/White_Pelican_0068_95635,100,101.White_Pelican
training/102.Western_Wood_Pewee/Western_Wood_Pewee_0012_98031,101,102.Western_Wood_Pewee
training/102.Western_Wood_Pewee/Western_Wood_Pewee_0039_795063,101,102.Western_Wood_Pewee
training/102.Western_Wood_Pewee/Western_Wood_Pewee_0059_98262,101,102.Western_Wood_Pewee
training/102.Western_Wood_Pewee/Western_Wood_Pewee_0074_98282,101,102.Western_Wood_Pewee
training/102.Western_Wood_Pewee/Western_Wood_Pewee_0076_98002,101,102.Western_Wood_Pewee
training/103.Sayornis/Sayornis_0056_99553,102,103.Sayornis
training/103.Sayornis/Sayornis_0076_98941,102,103.Sayornis
training/103.Sayornis/Sayornis_0098_98419,102,103.Sayornis
training/103.Sayornis/Sayornis_0114_98976,102,103.Sayornis
training/103.Sayornis/Sayornis_0127_98865,102,103.Sayornis
training/104.American_Pipit/American_Pipit_0008_100390,103,104.American_Pipit
training/104.American_Pipit/American_Pipit_0039_99841,103,104.American_Pipit
training/104.American_Pipit/American_Pipit_0062_100000,103,104.American_Pipit
training/104.American_Pipit/American_Pipit_0067_100237,103,104.American_Pipit
training/104.American_Pipit/American_Pipit_0116_100015,103,104.American_Pipit
training/105.Whip_poor_Will/Whip_Poor_Will_0016_796424,104,105.Whip_poor_Will
training/105.Whip_poor_Will/Whip_Poor_Will_0018_796403,104,105.Whip_poor_Will
training/105.Whip_poor_Will/Whip_Poor_Will_0038_100443,104,105.Whip_poor_Will
training/105.Whip_poor_Will/Whip_Poor_Will_0043_796442,104,105.Whip_poor_Will
training/105.Whip_poor_Will/Whip_Poor_Will_0050_796415,104,105.Whip_poor_Will
training/106.Horned_Puffin/Horned_Puffin_0001_100973,105,106.Horned_Puffin
training/106.Horned_Puffin/Horned_Puffin_0006_100989,105,106.Horned_Puffin
training/106.Horned_Puffin/Horned_Puffin_0022_100766,105,106.Horned_Puffin
training/106.Horned_Puffin/Horned_Puffin_0025_100942,105,106.Horned_Puffin
training/106.Horned_Puffin/Horned_Puffin_0062_100693,105,106.Horned_Puffin
training/107.Common_Raven/Common_Raven_0007_102020,106,107.Common_Raven
training/107.Common_Raven/Common_Raven_0010_101390,106,107.Common_Raven
training/107.Common_Raven/Common_Raven_0017_102044,106,107.Common_Raven
training/107.Common_Raven/Common_Raven_0035_101466,106,107.Common_Raven
training/107.Common_Raven/Common_Raven_0062_101448,106,107.Common_Raven
training/108.White_necked_Raven/White_Necked_Raven_0002_797370,107,108.White_necked_Raven
training/108.White_necked_Raven/White_Necked_Raven_0007_102676,107,108.White_necked_Raven
training/108.White_necked_Raven/White_Necked_Raven_0051_797383,107,108.White_necked_Raven
training/108.White_necked_Raven/White_Necked_Raven_0067_102630,107,108.White_necked_Raven
training/108.White_necked_Raven/White_Necked_Raven_0068_102610,107,108.White_necked_Raven
training/109.American_Redstart/American_Redstart_0045_102823,108,109.American_Redstart
training/109.American_Redstart/American_Redstart_0054_103543,108,109.American_Redstart
training/109.American_Redstart/American_Redstart_0056_103241,108,109.American_Redstart
training/109.American_Redstart/American_Redstart_0096_102853,108,109.American_Redstart
training/109.American_Redstart/American_Redstart_0108_103686,108,109.American_Redstart
training/110.Geococcyx/Geococcyx_0009_104372,109,110.Geococcyx
training/110.Geococcyx/Geococcyx_0028_104751,109,110.Geococcyx
training/110.Geococcyx/Geococcyx_0065_104806,109,110.Geococcyx
training/110.Geococcyx/Geococcyx_0105_104239,109,110.Geococcyx
training/110.Geococcyx/Geococcyx_0114_104136,109,110.Geococcyx
training/111.Loggerhead_Shrike/Loggerhead_Shrike_0018_26407,110,111.Loggerhead_Shrike
training/111.Loggerhead_Shrike/Loggerhead_Shrike_0032_106521,110,111.Loggerhead_Shrike
training/111.Loggerhead_Shrike/Loggerhead_Shrike_0116_105286,110,111.Loggerhead_Shrike
training/111.Loggerhead_Shrike/Loggerhead_Shrike_0117_104838,110,111.Loggerhead_Shrike
training/111.Loggerhead_Shrike/Loggerhead_Shrike_0128_105238,110,111.Loggerhead_Shrike
training/112.Great_Grey_Shrike/Great_Grey_Shrike_0029_106668,111,112.Great_Grey_Shrike
training/112.Great_Grey_Shrike/Great_Grey_Shrike_0042_797056,111,112.Great_Grey_Shrike
training/112.Great_Grey_Shrike/Great_Grey_Shrike_0054_106768,111,112.Great_Grey_Shrike
training/112.Great_Grey_Shrike/Great_Grey_Shrike_0056_106752,111,112.Great_Grey_Shrike
training/112.Great_Grey_Shrike/Great_Grey_Shrike_0063_797042,111,112.Great_Grey_Shrike
training/113.Baird_Sparrow/Baird_Sparrow_0002_794551,112,113.Baird_Sparrow
training/113.Baird_Sparrow/Baird_Sparrow_0032_794553,112,113.Baird_Sparrow
training/113.Baird_Sparrow/Baird_Sparrow_0036_794572,112,113.Baird_Sparrow
training/113.Baird_Sparrow/Baird_Sparrow_0040_794581,112,113.Baird_Sparrow
training/113.Baird_Sparrow/Baird_Sparrow_0041_794582,112,113.Baird_Sparrow
training/114.Black_throated_Sparrow/Black_Throated_Sparrow_0020_106971,113,114.Black_throated_Sparrow
training/114.Black_throated_Sparrow/Black_Throated_Sparrow_0034_107327,113,114.Black_throated_Sparrow
training/114.Black_throated_Sparrow/Black_Throated_Sparrow_0049_106958,113,114.Black_throated_Sparrow
training/114.Black_throated_Sparrow/Black_Throated_Sparrow_0072_107255,113,114.Black_throated_Sparrow
training/114.Black_throated_Sparrow/Black_Throated_Sparrow_0090_107295,113,114.Black_throated_Sparrow
training/115.Brewer_Sparrow/Brewer_Sparrow_0029_796699,114,115.Brewer_Sparrow
training/115.Brewer_Sparrow/Brewer_Sparrow_0066_107510,114,115.Brewer_Sparrow
training/115.Brewer_Sparrow/Brewer_Sparrow_0068_107422,114,115.Brewer_Sparrow
training/115.Brewer_Sparrow/Brewer_Sparrow_0069_796709,114,115.Brewer_Sparrow
training/115.Brewer_Sparrow/Brewer_Sparrow_0076_107393,114,115.Brewer_Sparrow
training/116.Chipping_Sparrow/Chipping_Sparrow_0011_108081,115,116.Chipping_Sparrow
training/116.Chipping_Sparrow/Chipping_Sparrow_0030_109741,115,116.Chipping_Sparrow
training/116.Chipping_Sparrow/Chipping_Sparrow_0033_109069,115,116.Chipping_Sparrow
training/116.Chipping_Sparrow/Chipping_Sparrow_0039_107864,115,116.Chipping_Sparrow
training/116.Chipping_Sparrow/Chipping_Sparrow_0045_109985,115,116.Chipping_Sparrow
training/117.Clay_colored_Sparrow/Clay_Colored_Sparrow_0036_110924,116,117.Clay_colored_Sparrow
training/117.Clay_colored_Sparrow/Clay_Colored_Sparrow_0041_110726,116,117.Clay_colored_Sparrow
training/117.Clay_colored_Sparrow/Clay_Colored_Sparrow_0043_110685,116,117.Clay_colored_Sparrow
training/117.Clay_colored_Sparrow/Clay_Colored_Sparrow_0064_110664,116,117.Clay_colored_Sparrow
training/117.Clay_colored_Sparrow/Clay_Colored_Sparrow_0106_797247,116,117.Clay_colored_Sparrow
training/118.House_Sparrow/House_Sparrow_0080_111099,117,118.House_Sparrow
training/118.House_Sparrow/House_Sparrow_0086_111385,117,118.House_Sparrow
training/118.House_Sparrow/House_Sparrow_0092_111413,117,118.House_Sparrow
training/118.House_Sparrow/House_Sparrow_0108_112963,117,118.House_Sparrow
training/118.House_Sparrow/House_Sparrow_0121_113182,117,118.House_Sparrow
training/119.Field_Sparrow/Field_Sparrow_0013_113599,118,119.Field_Sparrow
training/119.Field_Sparrow/Field_Sparrow_0078_113575,118,119.Field_Sparrow
training/119.Field_Sparrow/Field_Sparrow_0100_113503,118,119.Field_Sparrow
training/119.Field_Sparrow/Field_Sparrow_0102_113595,118,119.Field_Sparrow
training/119.Field_Sparrow/Field_Sparrow_0106_113350,118,119.Field_Sparrow
training/120.Fox_Sparrow/Fox_Sparrow_0041_115218,119,120.Fox_Sparrow
training/120.Fox_Sparrow/Fox_Sparrow_0044_114747,119,120.Fox_Sparrow
training/120.Fox_Sparrow/Fox_Sparrow_0058_114789,119,120.Fox_Sparrow
training/120.Fox_Sparrow/Fox_Sparrow_0109_114859,119,120.Fox_Sparrow
training/120.Fox_Sparrow/Fox_Sparrow_0116_115311,119,120.Fox_Sparrow
training/121.Grasshopper_Sparrow/Grasshopper_Sparrow_0001_115938,120,121.Grasshopper_Sparrow
training/121.Grasshopper_Sparrow/Grasshopper_Sparrow_0029_115761,120,121.Grasshopper_Sparrow
training/121.Grasshopper_Sparrow/Grasshopper_Sparrow_0038_115704,120,121.Grasshopper_Sparrow
training/121.Grasshopper_Sparrow/Grasshopper_Sparrow_0068_115799,120,121.Grasshopper_Sparrow
training/121.Grasshopper_Sparrow/Grasshopper_Sparrow_0126_116029,120,121.Grasshopper_Sparrow
training/122.Harris_Sparrow/Harris_Sparrow_0018_116402,121,122.Harris_Sparrow
training/122.Harris_Sparrow/Harris_Sparrow_0026_116620,121,122.Harris_Sparrow
training/122.Harris_Sparrow/Harris_Sparrow_0038_116610,121,122.Harris_Sparrow
training/122.Harris_Sparrow/Harris_Sparrow_0073_116577,121,122.Harris_Sparrow
training/122.Harris_Sparrow/Harris_Sparrow_0088_116445,121,122.Harris_Sparrow
training/123.Henslow_Sparrow/Henslow_Sparrow_0031_796594,122,123.Henslow_Sparrow
training/123.Henslow_Sparrow/Henslow_Sparrow_0064_796573,122,123.Henslow_Sparrow
training/123.Henslow_Sparrow/Henslow_Sparrow_0081_116755,122,123.Henslow_Sparrow
training/123.Henslow_Sparrow/Henslow_Sparrow_0083_116844,122,123.Henslow_Sparrow
training/123.Henslow_Sparrow/Henslow_Sparrow_0107_796614,122,123.Henslow_Sparrow
training/124.Le_Conte_Sparrow/Le_Conte_Sparrow_0003_795175,123,124.Le_Conte_Sparrow
training/124.Le_Conte_Sparrow/Le_Conte_Sparrow_0043_795213,123,124.Le_Conte_Sparrow
training/124.Le_Conte_Sparrow/Le_Conte_Sparrow_0058_795181,123,124.Le_Conte_Sparrow
training/124.Le_Conte_Sparrow/Le_Conte_Sparrow_0064_795235,123,124.Le_Conte_Sparrow
training/124.Le_Conte_Sparrow/Le_Conte_Sparrow_0099_795182,123,124.Le_Conte_Sparrow
training/125.Lincoln_Sparrow/Lincoln_Sparrow_0038_117461,124,125.Lincoln_Sparrow
training/125.Lincoln_Sparrow/Lincoln_Sparrow_0058_117503,124,125.Lincoln_Sparrow
training/125.Lincoln_Sparrow/Lincoln_Sparrow_0070_117342,124,125.Lincoln_Sparrow
training/125.Lincoln_Sparrow/Lincoln_Sparrow_0072_117951,124,125.Lincoln_Sparrow
training/125.Lincoln_Sparrow/Lincoln_Sparrow_0083_117272,124,125.Lincoln_Sparrow
training/126.Nelson_Sharp_tailed_Sparrow/Nelson_Sharp_Tailed_Sparrow_0013_796942,125,126.Nelson_Sharp_tailed_Sparrow
training/126.Nelson_Sharp_tailed_Sparrow/Nelson_Sharp_Tailed_Sparrow_0014_796906,125,126.Nelson_Sharp_tailed_Sparrow
training/126.Nelson_Sharp_tailed_Sparrow/Nelson_Sharp_Tailed_Sparrow_0042_796911,125,126.Nelson_Sharp_tailed_Sparrow
training/126.Nelson_Sharp_tailed_Sparrow/Nelson_Sharp_Tailed_Sparrow_0071_796946,125,126.Nelson_Sharp_tailed_Sparrow
training/126.Nelson_Sharp_tailed_Sparrow/Nelson_Sharp_Tailed_Sparrow_0074_796901,125,126.Nelson_Sharp_tailed_Sparrow
training/127.Savannah_Sparrow/Savannah_Sparrow_0017_119171,126,127.Savannah_Sparrow
training/127.Savannah_Sparrow/Savannah_Sparrow_0033_118871,126,127.Savannah_Sparrow
training/127.Savannah_Sparrow/Savannah_Sparrow_0094_119040,126,127.Savannah_Sparrow
training/127.Savannah_Sparrow/Savannah_Sparrow_0109_119674,126,127.Savannah_Sparrow
training/127.Savannah_Sparrow/Savannah_Sparrow_0124_118820,126,127.Savannah_Sparrow
training/128.Seaside_Sparrow/Seaside_Sparrow_0005_796516,127,128.Seaside_Sparrow
training/128.Seaside_Sparrow/Seaside_Sparrow_0011_120820,127,128.Seaside_Sparrow
training/128.Seaside_Sparrow/Seaside_Sparrow_0024_120751,127,128.Seaside_Sparrow
training/128.Seaside_Sparrow/Seaside_Sparrow_0051_796522,127,128.Seaside_Sparrow
training/128.Seaside_Sparrow/Seaside_Sparrow_0066_120791,127,128.Seaside_Sparrow
training/129.Song_Sparrow/Song_Sparrow_0010_121331,128,129.Song_Sparrow
training/129.Song_Sparrow/Song_Sparrow_0042_121314,128,129.Song_Sparrow
training/129.Song_Sparrow/Song_Sparrow_0091_121651,128,129.Song_Sparrow
training/129.Song_Sparrow/Song_Sparrow_0092_121969,128,129.Song_Sparrow
training/129.Song_Sparrow/Song_Sparrow_0132_121153,128,129.Song_Sparrow
training/130.Tree_Sparrow/Tree_Sparrow_0032_123489,129,130.Tree_Sparrow
training/130.Tree_Sparrow/Tree_Sparrow_0039_124140,129,130.Tree_Sparrow
training/130.Tree_Sparrow/Tree_Sparrow_0046_125344,129,130.Tree_Sparrow
training/130.Tree_Sparrow/Tree_Sparrow_0074_124408,129,130.Tree_Sparrow
training/130.Tree_Sparrow/Tree_Sparrow_0107_123822,129,130.Tree_Sparrow
training/131.Vesper_Sparrow/Vesper_Sparrow_0020_125794,130,131.Vesper_Sparrow
training/131.Vesper_Sparrow/Vesper_Sparrow_0062_125669,130,131.Vesper_Sparrow
training/131.Vesper_Sparrow/Vesper_Sparrow_0066_125619,130,131.Vesper_Sparrow
training/131.Vesper_Sparrow/Vesper_Sparrow_0079_125579,130,131.Vesper_Sparrow
training/131.Vesper_Sparrow/Vesper_Sparrow_0084_125532,130,131.Vesper_Sparrow
training/132.White_crowned_Sparrow/White_Crowned_Sparrow_0021_127092,131,132.White_crowned_Sparrow
training/132.White_crowned_Sparrow/White_Crowned_Sparrow_0078_127603,131,132.White_crowned_Sparrow
training/132.White_crowned_Sparrow/White_Crowned_Sparrow_0094_128627,131,132.White_crowned_Sparrow
training/132.White_crowned_Sparrow/White_Crowned_Sparrow_0115_126027,131,132.White_crowned_Sparrow
training/132.White_crowned_Sparrow/White_Crowned_Sparrow_0127_126923,131,132.White_crowned_Sparrow
training/133.White_throated_Sparrow/White_Throated_Sparrow_0015_129138,132,133.White_throated_Sparrow
training/133.White_throated_Sparrow/White_Throated_Sparrow_0020_129007,132,133.White_throated_Sparrow
training/133.White_throated_Sparrow/White_Throated_Sparrow_0021_128804,132,133.White_throated_Sparrow
training/133.White_throated_Sparrow/White_Throated_Sparrow_0071_128915,132,133.White_throated_Sparrow
training/133.White_throated_Sparrow/White_Throated_Sparrow_0112_129101,132,133.White_throated_Sparrow
training/134.Cape_Glossy_Starling/Cape_Glossy_Starling_0020_129328,133,134.Cape_Glossy_Starling
training/134.Cape_Glossy_Starling/Cape_Glossy_Starling_0024_129384,133,134.Cape_Glossy_Starling
training/134.Cape_Glossy_Starling/Cape_Glossy_Starling_0042_129385,133,134.Cape_Glossy_Starling
training/134.Cape_Glossy_Starling/Cape_Glossy_Starling_0065_129299,133,134.Cape_Glossy_Starling
training/134.Cape_Glossy_Starling/Cape_Glossy_Starling_0067_129380,133,134.Cape_Glossy_Starling
training/135.Bank_Swallow/Bank_Swallow_0004_129549,134,135.Bank_Swallow
training/135.Bank_Swallow/Bank_Swallow_0017_129755,134,135.Bank_Swallow
training/135.Bank_Swallow/Bank_Swallow_0024_129779,134,135.Bank_Swallow
training/135.Bank_Swallow/Bank_Swallow_0053_129501,134,135.Bank_Swallow
training/135.Bank_Swallow/Bank_Swallow_0062_129548,134,135.Bank_Swallow
training/136.Barn_Swallow/Barn_Swallow_0017_132951,135,136.Barn_Swallow
training/136.Barn_Swallow/Barn_Swallow_0021_130367,135,136.Barn_Swallow
training/136.Barn_Swallow/Barn_Swallow_0035_131832,135,136.Barn_Swallow
training/136.Barn_Swallow/Barn_Swallow_0049_130181,135,136.Barn_Swallow
training/136.Barn_Swallow/Barn_Swallow_0077_130707,135,136.Barn_Swallow
training/137.Cliff_Swallow/Cliff_Swallow_0015_133176,136,137.Cliff_Swallow
training/137.Cliff_Swallow/Cliff_Swallow_0044_133927,136,137.Cliff_Swallow
training/137.Cliff_Swallow/Cliff_Swallow_0062_134383,136,137.Cliff_Swallow
training/137.Cliff_Swallow/Cliff_Swallow_0071_133742,136,137.Cliff_Swallow
training/137.Cliff_Swallow/Cliff_Swallow_0090_133144,136,137.Cliff_Swallow
training/138.Tree_Swallow/Tree_Swallow_0004_135411,137,138.Tree_Swallow
training/138.Tree_Swallow/Tree_Swallow_0019_137073,137,138.Tree_Swallow
training/138.Tree_Swallow/Tree_Swallow_0030_134942,137,138.Tree_Swallow
training/138.Tree_Swallow/Tree_Swallow_0046_135770,137,138.Tree_Swallow
training/138.Tree_Swallow/Tree_Swallow_0049_134740,137,138.Tree_Swallow
training/139.Scarlet_Tanager/Scarlet_Tanager_0042_138287,138,139.Scarlet_Tanager
training/139.Scarlet_Tanager/Scarlet_Tanager_0058_137710,138,139.Scarlet_Tanager
training/139.Scarlet_Tanager/Scarlet_Tanager_0086_138272,138,139.Scarlet_Tanager
training/139.Scarlet_Tanager/Scarlet_Tanager_0100_138006,138,139.Scarlet_Tanager
training/139.Scarlet_Tanager/Scarlet_Tanager_0110_138274,138,139.Scarlet_Tanager
training/140.Summer_Tanager/Summer_Tanager_0010_139948,139,140.Summer_Tanager
training/140.Summer_Tanager/Summer_Tanager_0032_140425,139,140.Summer_Tanager
training/140.Summer_Tanager/Summer_Tanager_0058_139427,139,140.Summer_Tanager
training/140.Summer_Tanager/Summer_Tanager_0099_139310,139,140.Summer_Tanager
training/140.Summer_Tanager/Summer_Tanager_0109_139522,139,140.Summer_Tanager
training/141.Artic_Tern/Artic_Tern_0012_143410,140,141.Artic_Tern
training/141.Artic_Tern/Artic_Tern_0026_141839,140,141.Artic_Tern
training/141.Artic_Tern/Artic_Tern_0050_140887,140,141.Artic_Tern
training/141.Artic_Tern/Artic_Tern_0080_140889,140,141.Artic_Tern
training/141.Artic_Tern/Artic_Tern_0107_141181,140,141.Artic_Tern
training/142.Black_Tern/Black_Tern_0010_144341,141,142.Black_Tern
training/142.Black_Tern/Black_Tern_0059_144159,141,142.Black_Tern
training/142.Black_Tern/Black_Tern_0080_144130,141,142.Black_Tern
training/142.Black_Tern/Black_Tern_0090_143880,141,142.Black_Tern
training/142.Black_Tern/Black_Tern_0103_143956,141,142.Black_Tern
training/143.Caspian_Tern/Caspian_Tern_0015_145664,142,143.Caspian_Tern
training/143.Caspian_Tern/Caspian_Tern_0023_147194,142,143.Caspian_Tern
training/143.Caspian_Tern/Caspian_Tern_0034_147643,142,143.Caspian_Tern
training/143.Caspian_Tern/Caspian_Tern_0059_145582,142,143.Caspian_Tern
training/143.Caspian_Tern/Caspian_Tern_0078_146824,142,143.Caspian_Tern
training/144.Common_Tern/Common_Tern_0033_148675,143,144.Common_Tern
training/144.Common_Tern/Common_Tern_0049_149159,143,144.Common_Tern
training/144.Common_Tern/Common_Tern_0070_150292,143,144.Common_Tern
training/144.Common_Tern/Common_Tern_0094_148309,143,144.Common_Tern
training/144.Common_Tern/Common_Tern_0113_147949,143,144.Common_Tern
training/145.Elegant_Tern/Elegant_Tern_0014_150523,144,145.Elegant_Tern
training/145.Elegant_Tern/Elegant_Tern_0032_150488,144,145.Elegant_Tern
training/145.Elegant_Tern/Elegant_Tern_0046_150905,144,145.Elegant_Tern
training/145.Elegant_Tern/Elegant_Tern_0073_150925,144,145.Elegant_Tern
training/145.Elegant_Tern/Elegant_Tern_0103_150493,144,145.Elegant_Tern
training/146.Forsters_Tern/Forsters_Tern_0035_151757,145,146.Forsters_Tern
training/146.Forsters_Tern/Forsters_Tern_0060_152190,145,146.Forsters_Tern
training/146.Forsters_Tern/Forsters_Tern_0070_152107,145,146.Forsters_Tern
training/146.Forsters_Tern/Forsters_Tern_0114_152768,145,146.Forsters_Tern
training/146.Forsters_Tern/Forsters_Tern_0127_150418,145,146.Forsters_Tern
training/147.Least_Tern/Least_Tern_0012_153871,146,147.Least_Tern
training/147.Least_Tern/Least_Tern_0048_153550,146,147.Least_Tern
training/147.Least_Tern/Least_Tern_0052_154021,146,147.Least_Tern
training/147.Least_Tern/Least_Tern_0060_153190,146,147.Least_Tern
training/147.Least_Tern/Least_Tern_0068_153738,146,147.Least_Tern
training/148.Green_tailed_Towhee/Green_Tailed_Towhee_0018_154825,147,148.Green_tailed_Towhee
training/148.Green_tailed_Towhee/Green_Tailed_Towhee_0027_154823,147,148.Green_tailed_Towhee
training/148.Green_tailed_Towhee/Green_Tailed_Towhee_0077_797443,147,148.Green_tailed_Towhee
training/148.Green_tailed_Towhee/Green_Tailed_Towhee_0090_797434,147,148.Green_tailed_Towhee
training/148.Green_tailed_Towhee/Green_Tailed_Towhee_0105_797438,147,148.Green_tailed_Towhee
training/149.Brown_Thrasher/Brown_Thrasher_0001_155380,148,149.Brown_Thrasher
training/149.Brown_Thrasher/Brown_Thrasher_0006_155106,148,149.Brown_Thrasher
training/149.Brown_Thrasher/Brown_Thrasher_0013_155329,148,149.Brown_Thrasher
training/149.Brown_Thrasher/Brown_Thrasher_0030_155152,148,149.Brown_Thrasher
training/149.Brown_Thrasher/Brown_Thrasher_0105_155187,148,149.Brown_Thrasher
training/150.Sage_Thrasher/Sage_Thrasher_0033_155511,149,150.Sage_Thrasher
training/150.Sage_Thrasher/Sage_Thrasher_0040_155667,149,150.Sage_Thrasher
training/150.Sage_Thrasher/Sage_Thrasher_0043_155574,149,150.Sage_Thrasher
training/150.Sage_Thrasher/Sage_Thrasher_0045_155448,149,150.Sage_Thrasher
training/150.Sage_Thrasher/Sage_Thrasher_0079_155718,149,150.Sage_Thrasher
training/151.Black_capped_Vireo/Black_Capped_Vireo_0014_797462,150,151.Black_capped_Vireo
training/151.Black_capped_Vireo/Black_Capped_Vireo_0024_155905,150,151.Black_capped_Vireo
training/151.Black_capped_Vireo/Black_Capped_Vireo_0027_797455,150,151.Black_capped_Vireo
training/151.Black_capped_Vireo/Black_Capped_Vireo_0039_797451,150,151.Black_capped_Vireo
training/151.Black_capped_Vireo/Black_Capped_Vireo_0044_155819,150,151.Black_capped_Vireo
training/152.Blue_headed_Vireo/Blue_Headed_Vireo_0019_156311,151,152.Blue_headed_Vireo
training/152.Blue_headed_Vireo/Blue_Headed_Vireo_0068_156222,151,152.Blue_headed_Vireo
training/152.Blue_headed_Vireo/Blue_Headed_Vireo_0097_156272,151,152.Blue_headed_Vireo
training/152.Blue_headed_Vireo/Blue_Headed_Vireo_0101_156203,151,152.Blue_headed_Vireo
training/152.Blue_headed_Vireo/Blue_Headed_Vireo_0121_156233,151,152.Blue_headed_Vireo
training/153.Philadelphia_Vireo/Philadelphia_Vireo_0007_156617,152,153.Philadelphia_Vireo
training/153.Philadelphia_Vireo/Philadelphia_Vireo_0030_156533,152,153.Philadelphia_Vireo
training/153.Philadelphia_Vireo/Philadelphia_Vireo_0034_794766,152,153.Philadelphia_Vireo
training/153.Philadelphia_Vireo/Philadelphia_Vireo_0043_794792,152,153.Philadelphia_Vireo
training/153.Philadelphia_Vireo/Philadelphia_Vireo_0085_794757,152,153.Philadelphia_Vireo
training/154.Red_eyed_Vireo/Red_Eyed_Vireo_0034_157219,153,154.Red_eyed_Vireo
training/154.Red_eyed_Vireo/Red_Eyed_Vireo_0045_157252,153,154.Red_eyed_Vireo
training/154.Red_eyed_Vireo/Red_Eyed_Vireo_0056_156968,153,154.Red_eyed_Vireo
training/154.Red_eyed_Vireo/Red_Eyed_Vireo_0073_156944,153,154.Red_eyed_Vireo
training/154.Red_eyed_Vireo/Red_Eyed_Vireo_0086_157038,153,154.Red_eyed_Vireo
training/155.Warbling_Vireo/Warbling_Vireo_0004_158376,154,155.Warbling_Vireo
training/155.Warbling_Vireo/Warbling_Vireo_0007_158717,154,155.Warbling_Vireo
training/155.Warbling_Vireo/Warbling_Vireo_0030_158488,154,155.Warbling_Vireo
training/155.Warbling_Vireo/Warbling_Vireo_0097_158579,154,155.Warbling_Vireo
training/155.Warbling_Vireo/Warbling_Vireo_0107_158453,154,155.Warbling_Vireo
training/156.White_eyed_Vireo/White_Eyed_Vireo_0064_159286,155,156.White_eyed_Vireo
training/156.White_eyed_Vireo/White_Eyed_Vireo_0085_159119,155,156.White_eyed_Vireo
training/156.White_eyed_Vireo/White_Eyed_Vireo_0102_159420,155,156.White_eyed_Vireo
training/156.White_eyed_Vireo/White_Eyed_Vireo_0110_158947,155,156.White_eyed_Vireo
training/156.White_eyed_Vireo/White_Eyed_Vireo_0118_159036,155,156.White_eyed_Vireo
training/157.Yellow_throated_Vireo/Yellow_Throated_Vireo_0026_159686,156,157.Yellow_throated_Vireo
training/157.Yellow_throated_Vireo/Yellow_Throated_Vireo_0058_794994,156,157.Yellow_throated_Vireo
training/157.Yellow_throated_Vireo/Yellow_Throated_Vireo_0066_795007,156,157.Yellow_throated_Vireo
training/157.Yellow_throated_Vireo/Yellow_Throated_Vireo_0073_159583,156,157.Yellow_throated_Vireo
training/157.Yellow_throated_Vireo/Yellow_Throated_Vireo_0084_159639,156,157.Yellow_throated_Vireo
training/158.Bay_breasted_Warbler/Bay_Breasted_Warbler_0005_159739,157,158.Bay_breasted_Warbler
training/158.Bay_breasted_Warbler/Bay_Breasted_Warbler_0055_159740,157,158.Bay_breasted_Warbler
training/158.Bay_breasted_Warbler/Bay_Breasted_Warbler_0105_797143,157,158.Bay_breasted_Warbler
training/158.Bay_breasted_Warbler/Bay_Breasted_Warbler_0109_159883,157,158.Bay_breasted_Warbler
training/158.Bay_breasted_Warbler/Bay_Breasted_Warbler_0112_159839,157,158.Bay_breasted_Warbler
training/159.Black_and_white_Warbler/Black_And_White_Warbler_0028_160371,158,159.Black_and_white_Warbler
training/159.Black_and_white_Warbler/Black_And_White_Warbler_0098_160808,158,159.Black_and_white_Warbler
training/159.Black_and_white_Warbler/Black_And_White_Warbler_0102_160073,158,159.Black_and_white_Warbler
training/159.Black_and_white_Warbler/Black_And_White_Warbler_0119_160898,158,159.Black_and_white_Warbler
training/159.Black_and_white_Warbler/Black_And_White_Warbler_0127_160031,158,159.Black_and_white_Warbler
training/160.Black_throated_Blue_Warbler/Black_Throated_Blue_Warbler_0053_161684,159,160.Black_throated_Blue_Warbler
training/160.Black_throated_Blue_Warbler/Black_Throated_Blue_Warbler_0054_161158,159,160.Black_throated_Blue_Warbler
training/160.Black_throated_Blue_Warbler/Black_Throated_Blue_Warbler_0073_161558,159,160.Black_throated_Blue_Warbler
training/160.Black_throated_Blue_Warbler/Black_Throated_Blue_Warbler_0090_161507,159,160.Black_throated_Blue_Warbler
training/160.Black_throated_Blue_Warbler/Black_Throated_Blue_Warbler_0123_161542,159,160.Black_throated_Blue_Warbler
training/161.Blue_winged_Warbler/Blue_Winged_Warbler_0040_161883,160,161.Blue_winged_Warbler
training/161.Blue_winged_Warbler/Blue_Winged_Warbler_0043_161804,160,161.Blue_winged_Warbler
training/161.Blue_winged_Warbler/Blue_Winged_Warbler_0044_161760,160,161.Blue_winged_Warbler
training/161.Blue_winged_Warbler/Blue_Winged_Warbler_0076_161894,160,161.Blue_winged_Warbler
training/161.Blue_winged_Warbler/Blue_Winged_Warbler_0082_161772,160,161.Blue_winged_Warbler
training/162.Canada_Warbler/Canada_Warbler_0077_162437,161,162.Canada_Warbler
training/162.Canada_Warbler/Canada_Warbler_0080_162392,161,162.Canada_Warbler
training/162.Canada_Warbler/Canada_Warbler_0085_162385,161,162.Canada_Warbler
training/162.Canada_Warbler/Canada_Warbler_0088_162341,161,162.Canada_Warbler
training/162.Canada_Warbler/Canada_Warbler_0099_162425,161,162.Canada_Warbler
training/163.Cape_May_Warbler/Cape_May_Warbler_0022_162912,162,163.Cape_May_Warbler
training/163.Cape_May_Warbler/Cape_May_Warbler_0023_163133,162,163.Cape_May_Warbler
training/163.Cape_May_Warbler/Cape_May_Warbler_0066_163005,162,163.Cape_May_Warbler
training/163.Cape_May_Warbler/Cape_May_Warbler_0101_163169,162,163.Cape_May_Warbler
training/163.Cape_May_Warbler/Cape_May_Warbler_0103_162972,162,163.Cape_May_Warbler
training/164.Cerulean_Warbler/Cerulean_Warbler_0035_163269,163,164.Cerulean_Warbler
training/164.Cerulean_Warbler/Cerulean_Warbler_0039_163420,163,164.Cerulean_Warbler
training/164.Cerulean_Warbler/Cerulean_Warbler_0060_797209,163,164.Cerulean_Warbler
training/164.Cerulean_Warbler/Cerulean_Warbler_0087_163451,163,164.Cerulean_Warbler
training/164.Cerulean_Warbler/Cerulean_Warbler_0091_163331,163,164.Cerulean_Warbler
training/165.Chestnut_sided_Warbler/Chestnut_Sided_Warbler_0023_164308,164,165.Chestnut_sided_Warbler
training/165.Chestnut_sided_Warbler/Chestnut_Sided_Warbler_0071_163784,164,165.Chestnut_sided_Warbler
training/165.Chestnut_sided_Warbler/Chestnut_Sided_Warbler_0075_164231,164,165.Chestnut_sided_Warbler
training/165.Chestnut_sided_Warbler/Chestnut_Sided_Warbler_0098_164352,164,165.Chestnut_sided_Warbler
training/165.Chestnut_sided_Warbler/Chestnut_Sided_Warbler_0107_164040,164,165.Chestnut_sided_Warbler
training/166.Golden_winged_Warbler/Golden_Winged_Warbler_0014_164464,165,166.Golden_winged_Warbler
training/166.Golden_winged_Warbler/Golden_Winged_Warbler_0044_794836,165,166.Golden_winged_Warbler
training/166.Golden_winged_Warbler/Golden_Winged_Warbler_0054_794847,165,166.Golden_winged_Warbler
training/166.Golden_winged_Warbler/Golden_Winged_Warbler_0071_164370,165,166.Golden_winged_Warbler
training/166.Golden_winged_Warbler/Golden_Winged_Warbler_0079_794820,165,166.Golden_winged_Warbler
training/167.Hooded_Warbler/Hooded_Warbler_0001_164704,166,167.Hooded_Warbler
training/167.Hooded_Warbler/Hooded_Warbler_0012_164891,166,167.Hooded_Warbler
training/167.Hooded_Warbler/Hooded_Warbler_0121_164639,166,167.Hooded_Warbler
training/167.Hooded_Warbler/Hooded_Warbler_0124_164923,166,167.Hooded_Warbler
training/167.Hooded_Warbler/Hooded_Warbler_0130_164826,166,167.Hooded_Warbler
training/168.Kentucky_Warbler/Kentucky_Warbler_0013_165228,167,168.Kentucky_Warbler
training/168.Kentucky_Warbler/Kentucky_Warbler_0038_795909,167,168.Kentucky_Warbler
training/168.Kentucky_Warbler/Kentucky_Warbler_0059_795905,167,168.Kentucky_Warbler
training/168.Kentucky_Warbler/Kentucky_Warbler_0066_165290,167,168.Kentucky_Warbler
training/168.Kentucky_Warbler/Kentucky_Warbler_0071_165342,167,168.Kentucky_Warbler
training/169.Magnolia_Warbler/Magnolia_Warbler_0023_165827,168,169.Magnolia_Warbler
training/169.Magnolia_Warbler/Magnolia_Warbler_0053_165682,168,169.Magnolia_Warbler
training/169.Magnolia_Warbler/Magnolia_Warbler_0063_166121,168,169.Magnolia_Warbler
training/169.Magnolia_Warbler/Magnolia_Warbler_0064_165471,168,169.Magnolia_Warbler
training/169.Magnolia_Warbler/Magnolia_Warbler_0106_165689,168,169.Magnolia_Warbler
training/170.Mourning_Warbler/Mourning_Warbler_0026_166538,169,170.Mourning_Warbler
training/170.Mourning_Warbler/Mourning_Warbler_0034_795384,169,170.Mourning_Warbler
training/170.Mourning_Warbler/Mourning_Warbler_0059_795365,169,170.Mourning_Warbler
training/170.Mourning_Warbler/Mourning_Warbler_0064_166447,169,170.Mourning_Warbler
training/170.Mourning_Warbler/Mourning_Warbler_0072_795379,169,170.Mourning_Warbler
training/171.Myrtle_Warbler/Myrtle_Warbler_0033_166727,170,171.Myrtle_Warbler
training/171.Myrtle_Warbler/Myrtle_Warbler_0073_166798,170,171.Myrtle_Warbler
training/171.Myrtle_Warbler/Myrtle_Warbler_0084_166747,170,171.Myrtle_Warbler
training/171.Myrtle_Warbler/Myrtle_Warbler_0098_166794,170,171.Myrtle_Warbler
training/171.Myrtle_Warbler/Myrtle_Warbler_0107_166917,170,171.Myrtle_Warbler
training/172.Nashville_Warbler/Nashville_Warbler_0053_167403,171,172.Nashville_Warbler
training/172.Nashville_Warbler/Nashville_Warbler_0076_167389,171,172.Nashville_Warbler
training/172.Nashville_Warbler/Nashville_Warbler_0100_167226,171,172.Nashville_Warbler
training/172.Nashville_Warbler/Nashville_Warbler_0104_167096,171,172.Nashville_Warbler
training/172.Nashville_Warbler/Nashville_Warbler_0108_167259,171,172.Nashville_Warbler
training/173.Orange_crowned_Warbler/Orange_Crowned_Warbler_0079_168372,172,173.Orange_crowned_Warbler
training/173.Orange_crowned_Warbler/Orange_Crowned_Warbler_0087_168439,172,173.Orange_crowned_Warbler
training/173.Orange_crowned_Warbler/Orange_Crowned_Warbler_0111_168040,172,173.Orange_crowned_Warbler
training/173.Orange_crowned_Warbler/Orange_Crowned_Warbler_0119_167658,172,173.Orange_crowned_Warbler
training/173.Orange_crowned_Warbler/Orange_Crowned_Warbler_0120_167587,172,173.Orange_crowned_Warbler
training/174.Palm_Warbler/Palm_Warbler_0001_170297,173,174.Palm_Warbler
training/174.Palm_Warbler/Palm_Warbler_0015_169626,173,174.Palm_Warbler
training/174.Palm_Warbler/Palm_Warbler_0060_168686,173,174.Palm_Warbler
training/174.Palm_Warbler/Palm_Warbler_0118_170081,173,174.Palm_Warbler
training/174.Palm_Warbler/Palm_Warbler_0136_170276,173,174.Palm_Warbler
training/175.Pine_Warbler/Pine_Warbler_0004_171215,174,175.Pine_Warbler
training/175.Pine_Warbler/Pine_Warbler_0010_171239,174,175.Pine_Warbler
training/175.Pine_Warbler/Pine_Warbler_0021_171525,174,175.Pine_Warbler
training/175.Pine_Warbler/Pine_Warbler_0091_171627,174,175.Pine_Warbler
training/175.Pine_Warbler/Pine_Warbler_0105_170983,174,175.Pine_Warbler
training/176.Prairie_Warbler/Prairie_Warbler_0040_173056,175,176.Prairie_Warbler
training/176.Prairie_Warbler/Prairie_Warbler_0080_172724,175,176.Prairie_Warbler
training/176.Prairie_Warbler/Prairie_Warbler_0086_172534,175,176.Prairie_Warbler
training/176.Prairie_Warbler/Prairie_Warbler_0107_173080,175,176.Prairie_Warbler
training/176.Prairie_Warbler/Prairie_Warbler_0135_172745,175,176.Prairie_Warbler
training/177.Prothonotary_Warbler/Prothonotary_Warbler_0008_173425,176,177.Prothonotary_Warbler
training/177.Prothonotary_Warbler/Prothonotary_Warbler_0038_173867,176,177.Prothonotary_Warbler
training/177.Prothonotary_Warbler/Prothonotary_Warbler_0073_174607,176,177.Prothonotary_Warbler
training/177.Prothonotary_Warbler/Prothonotary_Warbler_0083_173929,176,177.Prothonotary_Warbler
training/177.Prothonotary_Warbler/Prothonotary_Warbler_0097_174554,176,177.Prothonotary_Warbler
training/178.Swainson_Warbler/Swainson_Warbler_0018_174715,177,178.Swainson_Warbler
training/178.Swainson_Warbler/Swainson_Warbler_0021_794898,177,178.Swainson_Warbler
training/178.Swainson_Warbler/Swainson_Warbler_0032_174728,177,178.Swainson_Warbler
training/178.Swainson_Warbler/Swainson_Warbler_0034_794890,177,178.Swainson_Warbler
training/178.Swainson_Warbler/Swainson_Warbler_0036_174699,177,178.Swainson_Warbler
training/179.Tennessee_Warbler/Tennessee_Warbler_0019_174786,178,179.Tennessee_Warbler
training/179.Tennessee_Warbler/Tennessee_Warbler_0046_174798,178,179.Tennessee_Warbler
training/179.Tennessee_Warbler/Tennessee_Warbler_0051_175015,178,179.Tennessee_Warbler
training/179.Tennessee_Warbler/Tennessee_Warbler_0091_175050,178,179.Tennessee_Warbler
training/179.Tennessee_Warbler/Tennessee_Warbler_0095_174903,178,179.Tennessee_Warbler
training/180.Wilson_Warbler/Wilson_Warbler_0033_175259,179,180.Wilson_Warbler
training/180.Wilson_Warbler/Wilson_Warbler_0065_175924,179,180.Wilson_Warbler
training/180.Wilson_Warbler/Wilson_Warbler_0107_175320,179,180.Wilson_Warbler
training/180.Wilson_Warbler/Wilson_Warbler_0117_175262,179,180.Wilson_Warbler
training/180.Wilson_Warbler/Wilson_Warbler_0122_175937,179,180.Wilson_Warbler
training/181.Worm_eating_Warbler/Worm_Eating_Warbler_0013_795534,180,181.Worm_eating_Warbler
training/181.Worm_eating_Warbler/Worm_Eating_Warbler_0015_795570,180,181.Worm_eating_Warbler
training/181.Worm_eating_Warbler/Worm_Eating_Warbler_0022_176111,180,181.Worm_eating_Warbler
training/181.Worm_eating_Warbler/Worm_Eating_Warbler_0026_176096,180,181.Worm_eating_Warbler
training/181.Worm_eating_Warbler/Worm_Eating_Warbler_0060_175969,180,181.Worm_eating_Warbler
training/182.Yellow_Warbler/Yellow_Warbler_0020_176364,181,182.Yellow_Warbler
training/182.Yellow_Warbler/Yellow_Warbler_0049_176526,181,182.Yellow_Warbler
training/182.Yellow_Warbler/Yellow_Warbler_0067_176856,181,182.Yellow_Warbler
training/182.Yellow_Warbler/Yellow_Warbler_0083_176292,181,182.Yellow_Warbler
training/182.Yellow_Warbler/Yellow_Warbler_0121_176402,181,182.Yellow_Warbler
training/183.Northern_Waterthrush/Northern_Waterthrush_0022_177003,182,183.Northern_Waterthrush
training/183.Northern_Waterthrush/Northern_Waterthrush_0024_177293,182,183.Northern_Waterthrush
training/183.Northern_Waterthrush/Northern_Waterthrush_0050_177331,182,183.Northern_Waterthrush
training/183.Northern_Waterthrush/Northern_Waterthrush_0104_177137,182,183.Northern_Waterthrush
training/183.Northern_Waterthrush/Northern_Waterthrush_0108_177059,182,183.Northern_Waterthrush
training/184.Louisiana_Waterthrush/Louisiana_Waterthrush_0021_795250,183,184.Louisiana_Waterthrush
training/184.Louisiana_Waterthrush/Louisiana_Waterthrush_0025_177403,183,184.Louisiana_Waterthrush
training/184.Louisiana_Waterthrush/Louisiana_Waterthrush_0041_795279,183,184.Louisiana_Waterthrush
training/184.Louisiana_Waterthrush/Louisiana_Waterthrush_0042_177551,183,184.Louisiana_Waterthrush
training/184.Louisiana_Waterthrush/Louisiana_Waterthrush_0082_177596,183,184.Louisiana_Waterthrush
training/185.Bohemian_Waxwing/Bohemian_Waxwing_0013_796660,184,185.Bohemian_Waxwing
training/185.Bohemian_Waxwing/Bohemian_Waxwing_0015_177816,184,185.Bohemian_Waxwing
training/185.Bohemian_Waxwing/Bohemian_Waxwing_0048_177821,184,185.Bohemian_Waxwing
training/185.Bohemian_Waxwing/Bohemian_Waxwing_0075_796678,184,185.Bohemian_Waxwing
training/185.Bohemian_Waxwing/Bohemian_Waxwing_0122_796654,184,185.Bohemian_Waxwing
training/186.Cedar_Waxwing/Cedar_Waxwing_0004_179215,185,186.Cedar_Waxwing
training/186.Cedar_Waxwing/Cedar_Waxwing_0029_179569,185,186.Cedar_Waxwing
training/186.Cedar_Waxwing/Cedar_Waxwing_0031_178929,185,186.Cedar_Waxwing
training/186.Cedar_Waxwing/Cedar_Waxwing_0076_178732,185,186.Cedar_Waxwing
training/186.Cedar_Waxwing/Cedar_Waxwing_0096_178164,185,186.Cedar_Waxwing
training/187.American_Three_toed_Woodpecker/American_Three_Toed_Woodpecker_0011_179847,186,187.American_Three_toed_Woodpecker
training/187.American_Three_toed_Woodpecker/American_Three_Toed_Woodpecker_0025_179918,186,187.American_Three_toed_Woodpecker
training/187.American_Three_toed_Woodpecker/American_Three_Toed_Woodpecker_0027_796147,186,187.American_Three_toed_Woodpecker
training/187.American_Three_toed_Woodpecker/American_Three_Toed_Woodpecker_0031_796172,186,187.American_Three_toed_Woodpecker
training/187.American_Three_toed_Woodpecker/American_Three_Toed_Woodpecker_0038_796182,186,187.American_Three_toed_Woodpecker
training/188.Pileated_Woodpecker/Pileated_Woodpecker_0028_180258,187,188.Pileated_Woodpecker
training/188.Pileated_Woodpecker/Pileated_Woodpecker_0059_180177,187,188.Pileated_Woodpecker
training/188.Pileated_Woodpecker/Pileated_Woodpecker_0081_180249,187,188.Pileated_Woodpecker
training/188.Pileated_Woodpecker/Pileated_Woodpecker_0116_179948,187,188.Pileated_Woodpecker
training/188.Pileated_Woodpecker/Pileated_Woodpecker_0124_180168,187,188.Pileated_Woodpecker
training/189.Red_bellied_Woodpecker/Red_Bellied_Woodpecker_0057_182154,188,189.Red_bellied_Woodpecker
training/189.Red_bellied_Woodpecker/Red_Bellied_Woodpecker_0066_182253,188,189.Red_bellied_Woodpecker
training/189.Red_bellied_Woodpecker/Red_Bellied_Woodpecker_0077_182334,188,189.Red_bellied_Woodpecker
training/189.Red_bellied_Woodpecker/Red_Bellied_Woodpecker_0088_180941,188,189.Red_bellied_Woodpecker
training/189.Red_bellied_Woodpecker/Red_Bellied_Woodpecker_0125_180780,188,189.Red_bellied_Woodpecker
training/190.Red_cockaded_Woodpecker/Red_Cockaded_Woodpecker_0020_182683,189,190.Red_cockaded_Woodpecker
training/190.Red_cockaded_Woodpecker/Red_Cockaded_Woodpecker_0027_794713,189,190.Red_cockaded_Woodpecker
training/190.Red_cockaded_Woodpecker/Red_Cockaded_Woodpecker_0028_182395,189,190.Red_cockaded_Woodpecker
training/190.Red_cockaded_Woodpecker/Red_Cockaded_Woodpecker_0052_794752,189,190.Red_cockaded_Woodpecker
training/190.Red_cockaded_Woodpecker/Red_Cockaded_Woodpecker_0054_794699,189,190.Red_cockaded_Woodpecker
training/191.Red_headed_Woodpecker/Red_Headed_Woodpecker_0021_183454,190,191.Red_headed_Woodpecker
training/191.Red_headed_Woodpecker/Red_Headed_Woodpecker_0057_183234,190,191.Red_headed_Woodpecker
training/191.Red_headed_Woodpecker/Red_Headed_Woodpecker_0088_183246,190,191.Red_headed_Woodpecker
training/191.Red_headed_Woodpecker/Red_Headed_Woodpecker_0097_182903,190,191.Red_headed_Woodpecker
training/191.Red_headed_Woodpecker/Red_Headed_Woodpecker_0098_182732,190,191.Red_headed_Woodpecker
training/192.Downy_Woodpecker/Downy_Woodpecker_0003_183933,191,192.Downy_Woodpecker
training/192.Downy_Woodpecker/Downy_Woodpecker_0031_184120,191,192.Downy_Woodpecker
training/192.Downy_Woodpecker/Downy_Woodpecker_0033_184636,191,192.Downy_Woodpecker
training/192.Downy_Woodpecker/Downy_Woodpecker_0042_184144,191,192.Downy_Woodpecker
training/192.Downy_Woodpecker/Downy_Woodpecker_0049_183920,191,192.Downy_Woodpecker
training/193.Bewick_Wren/Bewick_Wren_0003_185072,192,193.Bewick_Wren
training/193.Bewick_Wren/Bewick_Wren_0042_184878,192,193.Bewick_Wren
training/193.Bewick_Wren/Bewick_Wren_0081_185080,192,193.Bewick_Wren
training/193.Bewick_Wren/Bewick_Wren_0132_184906,192,193.Bewick_Wren
training/193.Bewick_Wren/Bewick_Wren_0135_185251,192,193.Bewick_Wren
training/194.Cactus_Wren/Cactus_Wren_0034_185817,193,194.Cactus_Wren
training/194.Cactus_Wren/Cactus_Wren_0044_185492,193,194.Cactus_Wren
training/194.Cactus_Wren/Cactus_Wren_0078_185899,193,194.Cactus_Wren
training/194.Cactus_Wren/Cactus_Wren_0089_186023,193,194.Cactus_Wren
training/194.Cactus_Wren/Cactus_Wren_0117_185591,193,194.Cactus_Wren
training/195.Carolina_Wren/Carolina_Wren_0043_186286,194,195.Carolina_Wren
training/195.Carolina_Wren/Carolina_Wren_0049_186129,194,195.Carolina_Wren
training/195.Carolina_Wren/Carolina_Wren_0056_186313,194,195.Carolina_Wren
training/195.Carolina_Wren/Carolina_Wren_0072_186309,194,195.Carolina_Wren
training/195.Carolina_Wren/Carolina_Wren_0141_186347,194,195.Carolina_Wren
training/196.House_Wren/House_Wren_0055_187397,195,196.House_Wren
training/196.House_Wren/House_Wren_0085_187723,195,196.House_Wren
training/196.House_Wren/House_Wren_0087_187946,195,196.House_Wren
training/196.House_Wren/House_Wren_0094_187226,195,196.House_Wren
training/196.House_Wren/House_Wren_0130_187109,195,196.House_Wren
training/197.Marsh_Wren/Marsh_Wren_0005_188235,196,197.Marsh_Wren
training/197.Marsh_Wren/Marsh_Wren_0014_188802,196,197.Marsh_Wren
training/197.Marsh_Wren/Marsh_Wren_0075_188549,196,197.Marsh_Wren
training/197.Marsh_Wren/Marsh_Wren_0094_188710,196,197.Marsh_Wren
training/197.Marsh_Wren/Marsh_Wren_0118_188512,196,197.Marsh_Wren
training/198.Rock_Wren/Rock_Wren_0021_189175,197,198.Rock_Wren
training/198.Rock_Wren/Rock_Wren_0024_188942,197,198.Rock_Wren
training/198.Rock_Wren/Rock_Wren_0043_188933,197,198.Rock_Wren
training/198.Rock_Wren/Rock_Wren_0111_189443,197,198.Rock_Wren
training/198.Rock_Wren/Rock_Wren_0113_189204,197,198.Rock_Wren
training/199.Winter_Wren/Winter_Wren_0026_189816,198,199.Winter_Wren
training/199.Winter_Wren/Winter_Wren_0033_189635,198,199.Winter_Wren
training/199.Winter_Wren/Winter_Wren_0051_189990,198,199.Winter_Wren
training/199.Winter_Wren/Winter_Wren_0077_190366,198,199.Winter_Wren
training/199.Winter_Wren/Winter_Wren_0109_189850,198,199.Winter_Wren
training/200.Common_Yellowthroat/Common_Yellowthroat_0003_190521,199,200.Common_Yellowthroat
training/200.Common_Yellowthroat/Common_Yellowthroat_0049_190708,199,200.Common_Yellowthroat
training/200.Common_Yellowthroat/Common_Yellowthroat_0069_190400,199,200.Common_Yellowthroat
training/200.Common_Yellowthroat/Common_Yellowthroat_0075_190900,199,200.Common_Yellowthroat
training/200.Common_Yellowthroat/Common_Yellowthroat_0081_190525,199,200.Common_Yellowthroat
